no2,co,so2,o3,pm10,pm25
2.18,0.0684,0.38,33.55,22.73,15.94
1.94,0.0684,0.25,31.4,18.81,13.16
1.89,0.0676,0.37,28.94,17.74,12.36
2.19,0.0689,0.33,29.76,26.35,18.04
1.92,0.0683,0.33,30.76,21.06,14.26
1.49,0.0668,0.36,30.41,21.12,14.0
1.8,0.0659,0.37,30.71,22.06,14.87
1.87,0.0697,0.42,33.91,24.8,16.78
1.35,0.0847,0.33,36.08,20.21,13.59
1.72,0.0818,0.35,36.3,24.99,17.13
2.06,0.072,0.41,34.42,24.72,16.77
2.33,0.0719,0.48,33.88,22.07,15.1
1.61,0.0681,0.37,32.36,25.47,17.16
1.32,0.0677,0.33,32.45,14.2,9.41
1.8,0.0714,0.33,32.26,17.58,12.04
1.47,0.0744,0.28,31.96,16.82,11.6
1.67,0.0706,0.31,32.43,23.69,16.12
1.87,0.0725,0.36,30.36,22.06,14.97
1.67,0.0704,0.45,32.6,19.39,13.04
1.96,0.0688,0.36,31.84,22.37,15.09
1.76,0.0712,0.31,33.84,21.63,14.55
1.95,0.0688,0.38,33.9,17.13,11.63
1.71,0.0706,0.38,34.19,19.98,13.34
1.61,0.069,0.42,33.86,25.49,17.14
1.94,0.0715,0.57,32.91,21.38,14.67
2.09,0.0674,0.45,31.66,18.14,12.6
1.91,0.0687,0.43,30.1,24.61,17.01
1.83,0.0751,0.43,32.84,20.72,14.07
1.98,0.0845,0.38,37.63,23.35,15.77
1.65,0.0906,0.28,39.08,19.42,13.15
2.01,0.0893,0.31,38.94,27.3,18.54
2.1,0.084,0.34,38.17,26.7,18.12
1.65,0.0796,0.39,36.95,24.1,16.23
1.45,0.0731,0.34,35.78,19.14,13.12
1.58,0.0749,0.3,33.42,24.93,17.17
1.45,0.0807,0.32,32.01,17.85,12.48
1.72,0.0781,0.44,32.53,12.4,8.7
1.3,0.0941,0.38,37.1,26.05,17.6
1.92,0.1026,0.34,39.03,23.05,15.85
2.32,0.1096,0.44,36.65,24.34,17.1
2.01,0.1102,0.4,35.87,27.95,19.65
2.26,0.101,0.58,36.89,35.1,24.51
1.77,0.0733,0.33,36.08,21.27,14.71
1.87,0.0702,0.25,34.1,20.68,14.4
1.87,0.0672,0.28,33.22,25.42,17.68
1.61,0.0695,0.29,31.02,14.98,10.52
2.04,0.0732,0.44,29.78,16.96,11.88
2.15,0.0775,0.48,30.77,21.08,14.58
1.81,0.0768,0.39,35.05,20.6,14.0
1.65,0.0801,0.34,37.0,13.86,9.49
1.89,0.0816,0.42,36.06,17.63,12.15
2.17,0.0783,0.35,34.39,18.0,12.62
2.05,0.0742,0.36,34.44,22.53,15.62
1.84,0.075,0.3,36.48,28.38,18.98
1.83,0.0715,0.34,38.62,21.7,14.75
1.45,0.0705,0.33,36.13,17.47,11.78
1.82,0.0712,0.41,31.52,19.86,13.57
2.0,0.0701,0.41,32.83,20.99,14.36
2.11,0.0709,0.43,32.96,26.73,18.21
1.96,0.0718,0.47,33.11,26.5,18.03
1.89,0.0748,0.37,33.24,26.21,17.77
2.2,0.0724,0.31,32.64,22.85,15.78
1.66,0.073,0.44,33.63,23.96,16.2
1.58,0.0675,0.38,37.02,18.01,12.31
2.07,0.071,0.34,34.94,22.68,15.44
1.97,0.0702,0.29,34.63,28.45,18.79
1.77,0.0747,0.33,37.18,26.46,17.79
1.91,0.0785,0.32,37.57,24.44,16.86
1.74,0.0786,0.33,37.92,21.62,14.9
1.97,0.075,0.32,37.48,25.52,17.51
1.63,0.0748,0.4,38.05,18.43,12.81
1.49,0.0757,0.39,39.35,20.79,13.9
1.88,0.0817,0.31,41.56,22.17,14.79
2.25,0.0796,0.33,42.82,31.09,21.25
2.07,0.074,0.47,39.92,38.04,26.39
1.42,0.074,0.47,37.95,21.95,14.86
1.47,0.0717,0.34,36.29,21.04,13.96
1.96,0.0768,0.34,33.37,26.73,18.02
1.63,0.0732,0.37,33.31,22.27,14.94
1.79,0.0722,0.39,31.33,24.03,16.29
1.42,0.0737,0.37,31.74,13.91,9.56
1.51,0.0725,0.37,32.53,20.63,14.05
1.46,0.0724,0.29,33.13,21.35,14.38
1.54,0.0762,0.32,38.17,20.9,14.03
1.53,0.0838,0.3,39.42,19.56,13.22
1.75,0.0927,0.34,37.97,50.08,35.02
2.3,0.101,0.7,37.14,59.79,42.66
2.52,0.1025,0.63,37.59,32.74,23.36
2.27,0.1001,0.51,35.94,43.32,30.95
1.94,0.0959,0.48,34.34,53.52,38.04
1.52,0.086,0.38,34.24,23.97,16.94
1.78,0.0912,0.43,33.03,31.85,22.39
1.7,0.0945,0.4,32.97,41.04,29.03
1.0,0.0858,0.4,33.98,34.33,24.07
0.91,0.078,0.32,34.99,33.99,23.67
1.16,0.0798,0.4,35.6,20.82,14.81
1.13,0.0813,0.43,34.65,21.2,14.93
0.72,0.0785,0.26,34.1,17.87,12.53
0.87,0.0733,0.23,32.26,17.52,12.11
0.91,0.0666,0.37,30.68,23.55,15.96
0.99,0.0658,0.33,29.07,17.84,11.71
1.02,0.0752,0.36,32.64,16.69,11.28
1.06,0.0802,0.35,34.06,19.17,13.16
0.93,0.0717,0.36,34.15,14.01,9.25
0.79,0.0676,0.29,33.2,17.58,10.88
1.23,0.0641,0.34,34.54,18.62,12.18
1.17,0.0662,0.35,34.86,20.94,13.92
1.43,0.064,0.3,32.53,24.4,16.55
1.41,0.0602,0.41,31.76,16.07,10.94
1.24,0.0671,0.61,29.58,17.65,11.87
1.7,0.0705,0.4,30.51,19.04,13.0
1.61,0.0709,0.35,31.39,15.27,10.61
1.4,0.0712,0.4,30.8,21.31,14.6
1.59,0.0725,0.36,31.26,19.16,13.44
1.02,0.0793,0.36,31.89,17.73,12.26
0.97,0.0808,0.4,32.35,20.66,14.24
0.93,0.0713,0.36,32.21,12.88,8.86
1.09,0.0716,0.36,31.31,17.19,11.62
1.03,0.0714,0.33,31.51,14.52,10.06
1.24,0.0762,0.34,32.63,19.31,13.56
1.26,0.0672,0.43,32.27,16.81,11.7
1.18,0.0679,0.36,29.65,22.27,14.67
1.24,0.0745,0.32,28.21,20.34,13.84
1.09,0.0661,0.27,28.19,16.02,11.01
1.14,0.0724,0.44,29.09,21.11,14.38
1.26,0.0719,0.46,30.06,14.02,9.72
1.29,0.0751,0.33,29.82,17.85,12.39
1.1,0.0755,0.23,29.85,27.18,18.92
1.22,0.0744,0.25,28.98,20.95,14.67
1.22,0.0722,0.34,29.06,14.28,10.03
1.3,0.0723,0.38,29.41,15.84,11.11
1.61,0.0701,0.43,30.65,19.63,13.61
1.3,0.0669,0.32,30.81,26.03,17.99
1.15,0.0652,0.22,30.44,25.55,17.54
1.11,0.0644,0.25,27.32,15.93,11.13
1.21,0.0612,0.32,25.07,12.31,8.59
1.44,0.0628,0.42,25.21,24.26,16.94
1.05,0.0657,0.29,25.68,29.24,20.41
1.38,0.063,0.24,26.43,16.19,11.4
1.51,0.0617,0.24,25.49,23.86,16.69
1.79,0.0571,0.23,25.48,19.46,13.73
1.67,0.0536,0.24,25.14,21.3,15.02
1.58,0.0595,0.49,26.13,23.78,16.61
1.74,0.06,0.36,27.14,17.85,12.56
1.52,0.0567,0.38,26.29,24.87,17.23
1.73,0.0609,0.56,26.32,19.9,13.73
1.42,0.0583,0.34,26.85,18.48,12.59
1.27,0.0548,0.29,27.14,21.7,14.64
1.29,0.0598,0.46,27.09,19.1,12.85
1.31,0.058,0.31,27.76,15.38,10.36
1.68,0.0558,0.24,27.66,21.41,14.81
1.48,0.0613,0.18,26.98,24.1,16.7
1.35,0.0602,0.14,27.05,21.93,15.18
1.89,0.0637,0.23,27.29,20.04,13.96
2.05,0.0719,0.3,27.12,19.19,13.4
1.71,0.0739,0.33,27.45,31.04,21.75
1.52,0.0696,0.21,27.41,20.92,14.71
1.72,0.0686,0.17,26.79,26.55,18.73
1.72,0.065,0.21,25.94,30.12,21.06
1.57,0.0606,0.26,26.61,30.06,20.93
1.88,0.0605,0.29,26.45,35.29,24.47
2.03,0.0573,0.3,26.25,38.2,26.33
1.66,0.0564,0.27,26.22,32.07,22.26
1.88,0.0562,0.21,26.37,32.71,22.72
1.75,0.055,0.2,27.02,22.48,15.76
2.11,0.0571,0.23,27.03,23.78,16.67
1.58,0.0586,0.18,27.25,23.63,16.53
1.96,0.0589,0.25,27.24,30.74,21.35
1.59,0.0577,0.32,27.61,18.73,13.14
1.69,0.0559,0.25,27.77,17.99,12.64
1.58,0.0586,0.23,27.53,18.66,13.06
1.61,0.0556,0.25,27.22,28.15,19.59
1.7,0.0562,0.2,27.35,20.26,14.13
1.54,0.055,0.19,27.19,16.06,11.21
1.86,0.0532,0.19,27.3,17.26,12.09
1.64,0.0521,0.17,26.64,16.84,11.79
1.51,0.0523,0.19,26.31,19.23,13.42
1.89,0.052,0.22,26.29,26.24,18.37
1.68,0.0511,0.21,26.35,18.57,13.06
1.18,0.0509,0.17,26.39,18.65,13.1
1.42,0.051,0.18,26.85,26.32,18.47
1.85,0.0503,0.21,26.74,28.74,19.94
1.81,0.0529,0.24,26.58,29.58,20.51
1.73,0.0549,0.18,26.3,23.6,16.46
1.31,0.0569,0.2,26.41,16.65,11.66
1.52,0.0556,0.16,26.45,18.1,12.73
2.0,0.0598,0.19,26.38,20.22,14.22
2.08,0.063,0.17,27.24,15.89,11.21
2.05,0.0629,0.19,27.37,20.63,14.56
2.39,0.0626,0.22,26.84,26.64,18.76
2.44,0.0596,0.26,27.04,32.42,22.64
1.82,0.062,0.24,26.76,16.48,11.63
1.65,0.0625,0.13,26.99,18.37,12.96
1.68,0.0649,0.21,28.38,19.63,13.81
2.04,0.065,0.22,28.42,27.2,19.34
1.84,0.0649,0.24,27.63,19.94,14.28
1.48,0.0606,0.19,27.47,20.95,14.8
1.67,0.0614,0.19,27.25,19.97,14.11
1.93,0.0676,0.26,27.6,24.35,17.17
2.23,0.0719,0.25,27.5,19.43,13.88
2.46,0.0674,0.25,27.46,25.78,18.34
2.15,0.0653,0.25,27.43,22.81,16.3
1.85,0.0616,0.25,27.11,28.77,20.68
1.75,0.0616,0.19,27.07,42.06,30.46
2.14,0.0626,0.23,27.41,25.71,18.83
1.83,0.0638,0.17,27.1,25.64,18.43
2.02,0.0667,0.19,27.05,21.69,15.66
1.96,0.0665,0.21,27.1,15.35,11.11
2.35,0.0697,0.24,27.31,24.4,17.42
2.06,0.0678,0.24,27.12,18.67,13.33
1.64,0.0676,0.23,26.57,20.57,14.68
1.78,0.0686,0.21,26.49,22.02,15.64
1.7,0.0623,0.2,26.37,19.17,13.43
1.73,0.0601,0.16,26.45,21.7,15.13
1.54,0.0641,0.14,26.62,21.57,14.87
1.71,0.0668,0.17,27.18,28.91,20.3
1.89,0.069,0.22,27.87,27.06,19.37
2.0,0.0723,0.21,28.0,27.32,19.82
1.99,0.0728,0.21,27.59,33.32,24.37
1.86,0.0694,0.31,26.8,34.07,24.86
2.12,0.0653,0.27,26.53,34.66,25.21
2.22,0.0663,0.28,26.58,35.68,25.82
1.88,0.068,0.26,26.87,27.53,20.17
2.06,0.0659,0.23,27.08,24.39,17.99
2.2,0.0634,0.22,27.55,24.98,18.13
2.49,0.0657,0.25,28.54,20.29,14.62
2.61,0.0686,0.31,28.44,24.97,17.91
2.3,0.0682,0.23,28.29,28.92,20.75
1.92,0.0648,0.2,28.02,32.85,23.61
1.96,0.0651,0.22,28.14,27.89,19.98
1.77,0.067,0.22,28.04,23.82,17.08
1.84,0.0664,0.21,27.8,23.14,16.43
1.56,0.0656,0.23,27.64,21.47,15.26
1.86,0.0667,0.21,27.6,19.54,13.86
1.89,0.0649,0.23,28.12,22.93,16.23
1.46,0.0655,0.23,28.32,21.88,15.56
1.23,0.0693,0.24,28.17,13.44,9.52
1.19,0.0688,0.27,27.78,9.89,7.0
1.44,0.0635,0.16,27.39,20.84,14.76
1.77,0.0667,0.21,27.57,15.76,11.19
1.8,0.075,0.43,27.66,15.76,11.16
1.46,0.0649,0.21,27.4,21.67,15.34
1.63,0.064,0.15,27.3,25.32,18.04
1.7,0.0652,0.17,27.48,26.22,18.92
1.6,0.0631,0.16,27.41,24.54,17.71
1.81,0.0652,0.17,27.04,29.24,20.88
1.76,0.0702,0.18,27.46,21.35,15.17
1.82,0.0708,0.16,27.6,16.29,11.58
1.99,0.0718,0.17,27.66,14.73,10.45
1.82,0.0704,0.21,27.52,17.96,12.73
1.74,0.0741,0.3,27.44,21.88,15.49
1.42,0.067,0.38,27.3,14.84,10.49
1.5,0.0686,0.26,26.94,25.62,18.07
1.46,0.0655,0.15,26.86,15.24,10.77
1.69,0.066,0.13,26.95,20.18,14.27
1.56,0.0699,0.13,26.91,27.38,19.51
1.36,0.0794,0.17,27.02,31.03,22.41
1.41,0.0852,0.23,27.77,28.82,21.14
1.5,0.0818,0.32,27.65,25.91,18.93
1.48,0.0745,0.35,28.11,30.42,22.06
1.74,0.0726,0.34,27.86,17.95,12.85
1.57,0.0723,0.2,27.53,29.76,21.07
1.71,0.0715,0.22,27.28,28.45,20.13
1.7,0.0732,0.32,27.25,16.9,11.95
1.72,0.0745,0.43,27.19,14.32,10.1
1.92,0.0683,0.27,27.3,16.77,11.81
1.79,0.0707,0.21,26.83,17.9,12.55
1.75,0.0668,0.15,27.16,21.44,15.04
1.77,0.0731,0.16,26.7,26.19,18.38
1.87,0.0806,0.18,26.84,28.47,20.37
2.29,0.0813,0.25,27.27,29.33,20.95
1.96,0.0803,0.23,27.45,27.08,19.24
1.53,0.0768,0.26,28.51,22.98,16.29
2.0,0.0703,0.39,28.01,29.24,20.73
1.89,0.0737,0.24,27.89,32.71,23.17
1.57,0.0693,0.32,28.03,24.77,17.47
1.43,0.0624,0.31,27.38,24.25,17.1
1.42,0.0608,0.18,27.01,23.25,16.32
1.43,0.0628,0.27,26.85,16.0,11.28
1.81,0.0686,0.43,27.01,20.93,14.75
1.93,0.0753,0.38,26.99,22.31,15.74
1.74,0.0727,0.53,28.08,21.17,14.92
2.1,0.0731,0.48,28.53,20.71,14.6
2.16,0.0697,0.4,28.75,18.91,13.31
2.11,0.0659,0.38,29.06,26.58,18.34
1.55,0.0655,0.43,27.88,20.7,14.22
1.16,0.0658,0.41,27.25,17.66,12.13
1.36,0.0639,0.43,26.91,26.26,18.07
1.8,0.0629,0.32,27.04,35.4,24.8
1.87,0.0665,0.26,27.3,22.83,16.04
1.6,0.0693,0.28,27.14,18.93,13.22
1.66,0.0694,0.31,27.23,22.61,15.67
1.56,0.0693,0.44,27.34,17.57,12.31
1.46,0.0628,0.25,27.48,24.89,17.31
1.63,0.0651,0.25,27.49,21.95,15.38
1.83,0.0672,0.35,27.43,19.86,13.91
1.63,0.0693,0.48,27.31,22.67,15.72
1.71,0.0931,0.42,30.02,23.39,16.29
1.54,0.0984,0.5,31.53,31.85,22.06
1.91,0.104,0.39,31.06,29.91,20.93
2.35,0.1011,0.42,30.63,28.84,20.36
2.23,0.0962,0.36,31.0,32.04,22.61
2.09,0.0868,0.19,31.12,18.62,13.2
1.6,0.082,0.31,27.34,21.7,15.51
1.67,0.0796,0.33,26.05,19.4,13.84
1.72,0.0799,0.39,27.63,24.25,16.98
1.83,0.0686,0.38,30.84,21.96,15.05
1.73,0.0622,0.36,29.42,25.46,17.19
1.48,0.0604,0.39,30.35,19.54,13.36
1.52,0.0617,0.44,30.19,21.31,14.63
1.68,0.0634,0.35,31.71,19.87,13.34
1.52,0.0622,0.31,32.13,19.97,13.21
1.92,0.0619,0.34,32.31,23.33,15.47
1.86,0.0642,0.33,33.9,24.9,16.57
1.52,0.0655,0.38,33.13,17.56,11.89
1.88,0.0656,0.34,32.89,22.18,15.19
1.98,0.0645,0.37,29.97,19.78,13.67
1.65,0.0644,0.37,28.05,16.87,11.77
1.72,0.0624,0.51,27.18,24.84,17.17
1.65,0.0647,0.4,28.01,18.5,12.88
1.84,0.0671,0.38,28.88,29.46,20.05
2.25,0.0714,0.34,35.26,21.3,14.53
1.88,0.0841,0.33,36.24,26.34,18.11
1.68,0.0796,0.25,38.98,17.91,12.52
2.06,0.0743,0.21,36.61,19.47,13.72
1.94,0.0738,0.21,37.61,22.11,15.54
1.87,0.0793,0.38,36.25,22.55,15.85
1.83,0.0808,0.45,34.76,25.84,18.14
2.03,0.0862,0.41,35.84,20.66,14.42
2.29,0.0863,0.36,41.86,32.41,21.81
2.08,0.0818,0.34,44.16,23.62,16.21
1.77,0.0731,0.36,40.07,16.11,11.19
2.12,0.0676,0.36,35.51,25.89,17.54
1.93,0.0707,0.33,37.81,18.26,12.6
1.63,0.0722,0.37,38.4,24.27,16.2
1.37,0.0696,0.36,36.88,21.54,14.09
2.0,0.0695,0.34,37.39,19.28,13.11
2.13,0.0712,0.4,36.26,24.01,16.36
1.81,0.0672,0.37,34.03,21.21,14.22
2.11,0.0681,0.32,36.32,23.47,15.51
1.76,0.0688,0.37,37.8,18.74,12.54
1.54,0.0707,0.32,38.77,20.68,13.42
1.93,0.0727,0.32,37.69,22.12,14.54
2.15,0.0728,0.34,36.97,23.88,15.83
1.95,0.0748,0.32,36.75,19.12,12.83
1.3,0.0737,0.32,37.78,21.57,14.31
1.76,0.0704,0.35,36.69,19.16,13.05
1.76,0.0704,0.35,36.45,22.15,14.63
1.82,0.0685,0.35,36.42,29.02,18.77
1.96,0.0698,0.32,36.38,22.9,14.87
2.19,0.0711,0.33,37.14,30.86,20.21
1.82,0.0741,0.38,38.56,23.0,15.33
1.96,0.0808,0.28,42.19,25.38,16.84
2.33,0.0714,0.32,42.64,35.55,24.31
1.6,0.0658,0.54,41.59,23.69,15.99
1.92,0.0685,0.31,37.86,22.06,15.05
2.16,0.0717,0.29,36.05,21.81,15.18
1.86,0.0725,0.43,34.87,27.06,18.62
1.91,0.0706,0.38,34.32,26.07,17.63
1.99,0.0754,0.43,33.51,27.43,18.67
1.99,0.0854,0.62,35.71,20.27,13.95
1.83,0.0777,0.32,35.3,22.62,15.7
1.88,0.071,0.2,34.67,17.41,12.17
1.41,0.068,0.32,32.3,17.27,11.7
1.73,0.0707,0.43,32.27,28.53,18.69
1.18,0.0724,0.35,34.58,18.19,11.76
1.22,0.0771,0.32,42.05,23.56,14.7
1.33,0.0774,0.3,41.22,21.32,13.4
1.45,0.0745,0.33,43.18,21.25,13.63
1.41,0.0782,0.35,44.0,21.46,13.49
1.24,0.0898,0.32,45.99,15.89,10.28
1.72,0.0842,0.32,43.28,18.56,12.49
1.57,0.0786,0.29,42.13,16.32,10.9
1.35,0.0764,0.29,42.22,19.87,12.68
1.53,0.0823,0.34,40.54,19.63,12.95
1.71,0.0791,0.31,40.9,25.05,16.45
1.6,0.081,0.37,39.94,23.73,15.66
1.59,0.0797,0.3,39.26,21.05,13.96
1.41,0.0804,0.26,41.41,26.14,16.75
1.19,0.0806,0.28,41.36,19.56,12.24
1.61,0.0752,0.3,39.78,23.65,15.35
1.38,0.0857,0.33,41.58,22.94,15.01
1.66,0.0845,0.27,40.91,26.9,17.94
1.33,0.0768,0.27,40.64,21.43,13.97
1.62,0.0874,0.26,39.14,20.7,14.09
2.03,0.0901,0.22,36.6,18.55,12.97
1.25,0.084,0.23,35.39,16.49,11.5
1.25,0.0739,0.19,32.07,21.85,15.15
1.47,0.0685,0.29,31.32,21.43,14.45
1.75,0.077,0.44,33.67,23.39,15.71
1.26,0.0773,0.26,39.01,12.93,8.76
0.91,0.0792,0.2,41.97,21.97,13.95
1.1,0.0831,0.23,41.24,22.51,14.46
1.32,0.0794,0.3,41.69,19.24,12.62
1.42,0.0822,0.29,40.77,25.73,17.02
1.33,0.0779,0.3,39.49,16.73,11.03
1.41,0.0762,0.28,39.94,27.08,17.79
1.42,0.0788,0.31,39.11,14.09,9.53
1.22,0.0788,0.31,39.2,21.01,13.5
1.22,0.0779,0.3,39.33,14.3,9.49
1.46,0.0809,0.3,38.82,16.41,10.88
2.01,0.082,0.31,40.09,23.12,15.28
1.79,0.079,0.32,39.22,21.61,14.41
2.16,0.0794,0.27,38.88,19.36,13.45
2.35,0.0762,0.3,37.9,17.48,12.29
1.94,0.0742,0.34,37.35,20.24,13.68
1.21,0.0742,0.27,39.23,18.77,12.13
1.22,0.072,0.32,38.14,18.22,11.91
1.89,0.0748,0.36,36.82,22.26,14.79
2.06,0.0745,0.37,37.24,17.16,11.83
1.6,0.0725,0.43,36.51,12.88,8.93
1.39,0.089,0.36,38.48,17.44,11.68
1.23,0.0885,0.31,40.1,14.89,9.85
1.47,0.0896,0.36,40.06,13.41,9.18
1.11,0.0867,0.29,38.68,18.17,11.58
0.97,0.0811,0.34,39.21,12.38,8.07
1.08,0.0777,0.35,39.64,18.38,11.77
1.85,0.0843,0.36,39.83,20.8,14.14
1.61,0.0906,0.29,38.68,21.02,14.45
1.21,0.0806,0.35,38.76,15.84,10.73
1.73,0.0801,0.37,38.76,21.23,14.59
1.83,0.0754,0.41,38.01,24.53,17.02
1.57,0.0725,0.47,39.47,24.19,17.08
1.83,0.0774,0.33,40.43,16.88,11.7
1.66,0.0733,0.29,39.12,23.45,15.46
0.95,0.0731,0.28,38.34,12.54,8.23
1.13,0.0727,0.26,38.17,13.56,9.19
1.12,0.0686,0.39,35.5,10.91,7.49
1.23,0.0718,0.28,35.24,16.05,10.53
0.95,0.0716,0.34,34.45,12.47,8.05
0.83,0.0739,0.29,35.14,15.3,9.61
1.06,0.0695,0.36,34.6,10.93,7.35
1.11,0.0673,0.38,34.31,21.03,13.93
1.02,0.0702,0.44,34.13,20.05,13.5
1.38,0.069,0.44,34.05,24.09,16.45
1.46,0.0711,0.33,33.84,22.65,15.48
1.46,0.0694,0.31,32.87,15.63,10.82
1.19,0.0753,0.3,34.68,18.84,12.44
0.92,0.0734,0.31,34.54,10.47,7.01
1.05,0.0714,0.27,34.88,12.42,8.24
1.07,0.0752,0.28,36.2,18.07,11.6
1.23,0.08,0.26,36.2,17.53,11.32
1.25,0.0742,0.24,34.06,15.69,10.34
1.33,0.0752,0.27,33.79,16.93,11.02
1.79,0.0777,0.32,33.48,13.14,9.19
2.25,0.077,0.36,31.5,17.0,12.05
1.77,0.0795,0.34,32.06,18.77,13.17
1.53,0.0958,0.28,35.89,19.92,13.89
1.41,0.0863,0.38,39.71,26.09,18.32
2.47,0.0899,0.43,39.43,32.04,22.81
1.71,0.0793,0.33,34.47,16.89,11.63
1.02,0.0703,0.35,35.27,18.43,11.8
1.45,0.0706,0.36,35.26,23.46,15.64
1.36,0.0708,0.42,33.28,16.98,11.66
1.61,0.0721,0.41,33.82,15.46,10.76
1.43,0.075,0.3,34.78,15.48,10.65
1.12,0.07,0.33,32.72,19.48,12.88
1.16,0.0736,0.31,32.97,17.55,11.8
1.26,0.0717,0.33,32.54,18.27,12.47
1.29,0.0737,0.29,34.43,19.18,13.05
1.55,0.0743,0.33,34.16,18.32,12.7
1.38,0.0795,0.37,35.83,18.78,12.74
1.59,0.0702,0.34,36.98,18.41,12.52
1.43,0.0665,0.32,31.1,19.27,12.93
1.21,0.0645,0.36,30.11,13.54,9.24
1.34,0.0632,0.25,28.35,20.67,13.93
1.59,0.0627,0.25,28.0,22.35,15.28
1.81,0.0698,0.32,29.08,16.51,11.45
1.98,0.0726,0.34,30.16,23.07,16.0
1.93,0.0718,0.29,29.29,21.42,15.03
1.87,0.0689,0.37,30.95,18.19,12.79
1.74,0.0683,0.46,31.77,18.1,12.66
1.5,0.0677,0.37,31.31,22.64,15.69
1.49,0.0639,0.31,30.7,16.31,11.41
1.41,0.0712,0.35,32.2,15.71,11.06
0.93,0.0723,0.3,31.85,17.24,11.55
0.75,0.0694,0.33,32.75,15.09,9.94
0.97,0.0671,0.32,34.08,15.0,9.91
1.02,0.069,0.29,33.21,14.49,9.6
0.86,0.0698,0.3,32.81,17.79,11.55
0.88,0.0708,0.31,34.55,17.75,11.65
1.06,0.0688,0.32,35.64,17.9,11.95
1.0,0.0695,0.29,35.75,20.17,13.27
0.95,0.074,0.4,31.44,18.8,12.73
0.85,0.0715,0.29,29.15,15.07,10.3
0.74,0.0703,0.34,30.16,14.46,9.95
0.84,0.068,0.24,30.49,20.64,14.29
1.08,0.0661,0.26,30.42,14.81,10.36
1.31,0.0704,0.35,30.21,19.57,13.8
1.22,0.0717,0.36,30.07,22.36,15.81
1.41,0.0731,0.23,30.24,20.88,14.85
1.43,0.073,0.29,29.91,22.59,16.03
1.12,0.0738,0.28,30.71,23.17,16.36
1.06,0.075,0.27,29.92,29.03,20.51
1.29,0.0825,0.4,29.18,19.77,13.95
1.13,0.0844,0.61,29.0,23.46,16.51
1.0,0.0774,0.74,28.52,31.32,22.07
1.16,0.0759,0.4,27.78,19.69,13.86
1.01,0.0675,0.21,27.33,11.27,7.96
1.35,0.0639,0.29,27.26,24.15,17.0
1.34,0.0658,0.32,27.21,22.15,15.6
1.04,0.0646,0.25,27.75,25.2,17.77
1.26,0.0742,0.29,28.74,31.11,21.96
1.44,0.0692,0.28,28.14,26.02,18.36
1.3,0.0692,0.22,28.04,15.17,10.71
1.01,0.0743,0.29,28.03,14.94,10.55
1.33,0.0784,0.38,28.14,22.18,15.65
1.38,0.0744,0.33,27.94,23.07,16.29
1.24,0.0684,0.28,27.55,24.49,17.33
1.54,0.066,0.23,27.65,33.07,23.46
1.58,0.0609,0.22,26.9,27.42,19.5
1.54,0.0592,0.35,27.88,24.95,17.72
1.61,0.061,0.32,28.71,22.2,15.58
1.88,0.0623,0.34,29.98,19.09,13.43
1.53,0.0599,0.25,29.69,23.46,16.17
1.42,0.0584,0.24,29.54,22.57,15.41
1.47,0.0583,0.29,28.59,23.01,15.37
1.18,0.0553,0.24,27.64,24.57,16.23
1.47,0.0573,0.35,27.61,23.76,15.98
1.5,0.0612,0.41,27.62,18.4,12.45
1.16,0.0614,0.46,28.03,22.21,14.93
1.22,0.058,0.21,29.49,10.93,7.49
1.47,0.0591,0.27,29.99,19.51,13.17
1.33,0.0607,0.27,28.75,20.26,13.68
1.4,0.0577,0.2,28.37,21.12,14.54
1.46,0.0563,0.23,28.33,26.41,18.33
1.62,0.0564,0.25,28.7,22.07,15.4
1.41,0.0551,0.26,28.29,25.66,17.9
1.3,0.0525,0.18,28.86,17.07,11.92
1.47,0.0537,0.21,28.83,29.3,20.3
1.62,0.0586,0.24,28.45,12.53,8.83
1.3,0.0576,0.18,28.19,16.05,11.24
1.1,0.0604,0.22,27.8,10.82,7.59
1.37,0.0561,0.23,27.83,18.05,12.56
1.14,0.0586,0.32,28.29,17.07,11.9
1.42,0.0573,0.2,29.32,23.1,16.13
1.23,0.058,0.18,29.44,20.88,14.59
1.46,0.0606,0.2,29.21,22.44,15.71
1.8,0.0617,0.21,29.81,24.22,17.0
1.93,0.0662,0.25,29.97,36.26,25.49
1.72,0.0668,0.2,29.47,21.02,14.89
1.72,0.0699,0.23,29.22,24.81,17.53
1.91,0.0643,0.22,29.1,21.48,15.2
1.64,0.066,0.23,28.94,32.73,22.99
1.52,0.0617,0.22,29.02,21.91,15.32
1.37,0.0583,0.2,29.03,22.57,15.61
1.27,0.056,0.26,28.76,22.6,15.54
1.17,0.0603,0.24,28.69,26.26,18.15
1.42,0.059,0.36,29.18,16.06,11.21
1.27,0.058,0.27,29.23,12.85,8.92
1.67,0.0576,0.18,29.91,25.04,17.22
1.89,0.0582,0.18,29.98,22.18,15.56
1.5,0.0541,0.27,30.59,16.88,11.6
1.54,0.0562,0.24,31.22,23.15,15.73
1.46,0.0549,0.2,29.99,26.2,17.92
1.27,0.0579,0.2,29.53,19.6,13.58
1.38,0.057,0.22,29.23,15.04,10.54
1.69,0.0565,0.28,29.36,21.64,15.2
1.31,0.0604,0.17,28.97,21.04,14.65
1.26,0.0619,0.18,28.82,14.39,9.95
1.33,0.0629,0.17,28.87,21.78,14.9
1.23,0.0613,0.21,29.86,26.22,17.5
1.37,0.0601,0.32,29.99,29.18,19.57
1.49,0.0577,0.18,30.24,17.88,12.18
2.0,0.0548,0.19,29.52,23.11,15.94
1.89,0.0569,0.25,29.24,30.06,20.83
1.47,0.0605,0.47,29.99,29.73,20.63
1.13,0.0601,0.26,30.73,23.11,15.99
1.5,0.0601,0.24,30.83,16.71,11.71
1.15,0.0538,0.18,29.97,18.72,12.93
1.63,0.0596,0.2,29.33,14.02,9.8
1.81,0.0612,0.24,28.4,17.38,12.19
1.51,0.0605,0.23,28.16,28.15,19.72
1.27,0.0578,0.19,28.66,21.87,15.15
1.87,0.0611,0.21,29.18,25.01,17.32
1.49,0.0632,0.19,29.31,19.78,13.74
1.66,0.0631,0.18,29.23,21.16,14.81
1.82,0.0612,0.22,28.96,23.63,16.49
1.65,0.0649,0.21,29.06,22.31,15.77
1.57,0.0686,0.24,29.53,22.05,15.47
1.57,0.0648,0.19,29.81,29.46,20.29
1.26,0.065,0.16,30.17,26.65,18.37
1.32,0.0665,0.16,30.22,28.72,20.11
1.52,0.0612,0.17,29.82,30.18,20.75
1.54,0.0571,0.15,30.17,24.71,16.71
1.58,0.0571,0.23,30.68,21.21,14.36
1.78,0.0592,0.25,30.51,11.83,8.26
1.89,0.0617,0.42,30.16,12.82,9.02
1.84,0.0642,0.4,29.14,15.27,10.82
1.74,0.0652,0.28,29.14,18.68,13.29
1.68,0.0613,0.22,30.83,21.86,15.72
1.67,0.061,0.33,32.67,34.38,24.66
1.64,0.0608,0.26,32.69,25.57,18.32
1.56,0.0632,0.34,31.94,23.01,16.47
1.41,0.0648,0.25,30.83,24.81,17.63
1.9,0.0685,0.23,29.27,22.11,15.69
1.55,0.0652,0.2,28.73,21.28,15.02
1.59,0.0616,0.19,28.73,29.29,20.14
1.66,0.0629,0.22,29.97,22.8,15.76
1.81,0.0666,0.37,31.58,28.74,20.39
2.0,0.0673,0.25,31.99,32.32,23.56
2.02,0.0686,0.24,31.54,31.87,23.33
1.87,0.0683,0.17,30.1,30.7,22.28
1.37,0.0677,0.15,28.94,27.97,19.83
1.35,0.0656,0.19,28.64,23.6,16.66
1.59,0.0648,0.27,28.9,33.41,23.29
1.84,0.0742,0.31,28.88,27.95,19.63
1.55,0.0757,0.44,28.7,20.65,14.58
1.28,0.073,0.18,28.23,19.22,13.54
1.68,0.07,0.17,28.78,20.66,14.72
1.82,0.0708,0.18,29.09,39.61,28.49
2.09,0.0722,0.23,29.16,39.15,28.34
2.18,0.073,0.31,29.75,28.72,20.72
1.94,0.0772,0.27,30.01,29.36,21.02
1.89,0.0779,0.23,29.52,19.53,13.92
2.09,0.0796,0.34,29.71,24.38,17.3
2.15,0.0798,0.35,30.15,30.75,21.85
2.5,0.0828,0.37,29.6,40.91,28.98
1.64,0.0754,0.15,29.49,27.47,19.39
1.36,0.0797,0.2,31.02,34.62,25.38
1.38,0.0863,0.16,30.82,44.14,32.96
1.66,0.0909,0.18,29.72,52.59,38.14
2.0,0.0905,0.2,30.16,42.89,30.56
1.79,0.0864,0.23,30.55,38.99,27.58
1.43,0.0773,0.22,30.86,30.64,21.59
1.56,0.0739,0.35,30.58,27.44,19.32
2.19,0.0765,0.28,29.57,40.21,28.44
2.29,0.0834,0.24,29.68,33.9,24.03
2.26,0.085,0.24,29.58,37.12,26.34
2.06,0.0867,0.29,29.63,33.65,23.87
1.76,0.0848,0.3,30.55,34.74,24.65
2.1,0.0799,0.39,29.33,26.35,18.72
1.93,0.09,0.5,28.51,26.58,18.84
1.5,0.0765,0.23,28.42,24.55,17.36
1.6,0.0738,0.24,29.04,23.31,16.51
1.49,0.0727,0.31,31.0,25.64,18.15
1.68,0.0641,0.32,31.56,28.17,19.89
1.84,0.0566,0.3,32.51,26.98,18.94
1.84,0.0578,0.23,30.74,22.86,16.04
1.33,0.056,0.19,30.09,17.24,12.11
1.33,0.0605,0.23,29.62,16.57,11.67
1.11,0.0648,0.26,29.16,13.96,9.85
1.32,0.0645,0.27,28.27,21.58,15.21
1.53,0.067,0.47,27.62,24.1,16.98
1.78,0.0648,0.49,27.39,20.99,14.76
1.47,0.0627,0.25,26.91,24.7,17.39
1.77,0.0676,0.22,27.1,16.49,11.66
2.02,0.0689,0.22,26.86,30.11,21.22
1.68,0.0664,0.3,27.34,24.32,17.15
1.57,0.0658,0.32,27.07,20.82,14.66
1.37,0.0679,0.37,27.09,15.63,11.02
1.42,0.0623,0.27,27.43,17.79,12.56
1.33,0.0662,0.33,30.04,20.81,14.68
1.55,0.0763,0.39,30.87,19.95,14.06
1.62,0.0643,0.18,30.9,18.5,13.05
1.75,0.0597,0.28,28.74,23.84,16.85
1.68,0.0587,0.22,27.23,21.66,15.26
1.4,0.0587,0.24,27.33,17.02,11.97
1.58,0.0584,0.27,27.65,20.08,14.11
1.99,0.0591,0.22,27.27,26.06,18.31
1.72,0.0587,0.22,26.36,20.13,14.18
1.92,0.0589,0.3,26.69,25.87,18.2
1.81,0.064,0.44,28.03,26.17,18.34
1.51,0.065,0.4,29.26,24.61,16.94
1.89,0.0623,0.31,29.15,19.28,13.38
1.47,0.0617,0.31,28.94,20.57,14.42
1.62,0.0617,0.38,28.38,27.6,19.7
1.3,0.0634,0.53,28.56,26.91,18.91
1.69,0.0663,0.48,28.75,25.7,17.9
1.79,0.065,0.24,28.87,22.5,15.79
2.1,0.0641,0.2,28.24,19.06,13.44
2.15,0.0705,0.23,29.07,18.1,12.8
2.02,0.0787,0.27,30.07,21.39,15.11
2.14,0.0789,0.26,30.5,27.58,19.46
2.02,0.0781,0.21,30.28,28.37,20.08
2.17,0.0789,0.2,29.74,22.36,15.84
1.88,0.0854,0.36,30.61,22.2,15.68
2.22,0.0912,0.53,30.08,25.47,18.01
1.98,0.0912,0.33,30.15,22.16,15.66
1.68,0.0973,0.48,31.73,24.01,16.85
2.08,0.0985,0.61,36.12,28.4,19.85
1.94,0.0937,0.51,36.3,23.67,16.57
2.06,0.0856,0.28,36.12,19.2,13.55
2.21,0.0874,0.21,35.24,26.7,18.83
2.15,0.0918,0.26,32.49,34.62,24.48
1.66,0.0901,0.25,30.37,33.45,23.65
1.37,0.0835,0.31,29.3,22.8,16.09
1.49,0.0857,0.51,29.92,22.08,15.55
1.42,0.0801,0.28,30.07,14.95,10.53
1.48,0.0722,0.29,29.17,15.57,11.0
1.86,0.064,0.44,28.43,24.72,17.22
1.68,0.0662,0.43,27.71,18.54,12.68
1.41,0.0689,0.48,30.14,19.49,13.2
2.44,0.0713,0.68,32.96,22.44,15.39
2.16,0.0725,0.44,33.27,20.77,14.2
1.88,0.0729,0.44,33.88,19.16,13.22
1.98,0.0756,0.4,35.85,16.94,11.65
2.1,0.0775,0.41,35.19,28.79,19.16
1.89,0.0812,0.31,38.33,32.47,21.0
2.23,0.0926,0.28,40.31,31.09,20.84
2.1,0.0882,0.46,38.23,30.12,20.58
2.38,0.0765,0.24,41.33,37.39,25.86
2.51,0.0794,0.38,38.53,31.08,21.72
2.13,0.0789,0.47,35.66,26.41,18.47
1.65,0.0722,0.43,33.82,24.23,16.75
2.19,0.0791,0.59,32.48,31.35,21.58
2.11,0.0707,0.5,31.78,27.15,18.68
2.08,0.0721,0.45,32.34,27.87,19.16
1.29,0.0724,0.47,32.15,16.52,11.15
1.91,0.0708,0.43,32.83,23.28,15.85
2.01,0.0712,0.35,36.2,22.88,15.65
1.54,0.068,0.38,34.32,18.02,12.13
1.38,0.0632,0.35,32.55,17.53,11.56
0.94,0.062,0.32,34.98,15.09,9.39
1.05,0.0689,0.39,37.23,16.84,10.43
1.34,0.0653,0.42,37.1,16.92,11.06
1.9,0.0667,0.43,38.04,22.42,14.54
1.92,0.0681,0.32,39.8,19.78,13.03
1.55,0.0678,0.41,41.52,17.06,11.26
1.67,0.0701,0.36,39.74,21.34,13.94
1.53,0.0692,0.36,39.51,18.9,12.52
2.12,0.0668,0.32,38.45,21.03,14.43
2.39,0.0734,0.28,36.13,32.48,22.55
1.97,0.0677,0.24,30.68,20.85,14.52
2.2,0.0635,0.24,29.38,22.46,15.59
2.23,0.0631,0.26,30.28,20.8,14.46
1.63,0.0675,0.34,32.65,18.49,12.63
1.47,0.0714,0.34,37.09,18.96,12.57
1.64,0.0742,0.34,40.3,22.26,14.52
1.42,0.0709,0.3,37.57,19.61,12.55
1.32,0.0785,0.29,40.94,18.9,12.05
1.26,0.0718,0.29,42.2,22.16,13.85
1.43,0.0746,0.33,42.3,28.41,18.29
1.59,0.0742,0.29,40.73,16.31,10.92
1.63,0.0746,0.29,39.43,14.47,9.78
1.55,0.0751,0.31,38.0,14.9,9.97
1.43,0.0712,0.3,38.61,21.05,13.63
1.33,0.0697,0.32,39.27,17.62,11.35
1.32,0.0728,0.32,40.34,18.52,12.07
1.82,0.0754,0.31,41.23,19.4,13.1
2.28,0.0783,0.35,43.15,19.51,13.52
1.65,0.0754,0.31,41.95,24.54,16.74
1.96,0.0814,0.37,40.49,20.08,13.83
2.11,0.0783,0.41,42.48,28.15,19.41
2.08,0.0734,0.52,43.11,18.68,13.05
1.69,0.07,0.34,42.03,20.52,14.18
1.56,0.0703,0.41,39.46,17.48,12.12
1.92,0.0814,0.5,41.21,21.62,15.22
2.4,0.078,0.34,42.19,21.79,15.18
1.89,0.0751,0.3,40.48,23.49,16.22
1.42,0.0816,0.29,44.55,21.82,14.54
1.97,0.0902,0.28,47.11,23.3,15.64
1.06,0.0805,0.3,46.11,20.27,13.03
1.44,0.0718,0.26,43.19,15.12,10.0
1.75,0.0648,0.21,36.26,15.22,10.32
1.85,0.0633,0.21,36.87,16.47,11.15
1.86,0.0666,0.23,37.09,15.9,11.09
1.89,0.0683,0.45,36.16,21.41,14.83
1.78,0.0696,0.37,35.57,19.09,13.19
1.8,0.0706,0.35,35.34,22.44,15.55
2.17,0.0743,0.35,36.15,23.78,16.61
1.56,0.1116,0.28,41.5,30.13,20.26
0.81,0.1128,0.26,46.35,22.95,14.44
1.03,0.0962,0.29,46.06,21.58,13.91
1.58,0.0889,0.34,44.77,24.44,16.44
1.92,0.0836,0.35,42.2,23.68,16.37
1.36,0.0776,0.37,41.31,14.97,10.08
1.24,0.0662,0.34,35.47,16.74,10.89
1.14,0.0651,0.34,33.47,17.12,11.1
1.64,0.0665,0.37,35.67,18.5,12.31
1.37,0.0752,0.28,37.27,20.98,13.34
0.77,0.0918,0.27,44.37,21.87,13.8
0.9,0.0887,0.31,43.73,18.14,11.65
1.02,0.0868,0.33,41.0,21.99,13.55
0.94,0.0805,0.31,40.45,19.88,12.21
1.14,0.0823,0.33,40.93,18.01,11.53
1.79,0.0876,0.32,41.66,15.08,10.19
1.32,0.0829,0.28,40.84,15.82,10.36
0.81,0.0793,0.27,40.87,18.34,11.84
1.01,0.0802,0.27,40.32,13.58,8.86
1.09,0.0772,0.28,40.16,15.27,9.79
1.03,0.0767,0.3,41.68,15.18,9.64
1.07,0.0767,0.29,43.45,16.96,10.79
0.95,0.0729,0.3,40.45,9.91,6.6
0.89,0.0664,0.28,37.1,15.79,9.69
0.78,0.0686,0.28,37.54,17.17,10.29
0.81,0.0683,0.33,38.78,13.7,8.53
1.23,0.0704,0.25,38.79,17.24,11.01
1.01,0.07,0.34,38.12,14.71,9.25
1.02,0.071,0.28,40.46,21.56,13.53
1.17,0.0709,0.29,43.37,14.91,9.87
0.89,0.0672,0.3,37.79,16.21,10.3
0.98,0.0674,0.33,37.57,10.77,7.07
1.16,0.0756,0.3,40.12,18.09,11.77
1.49,0.0747,0.34,39.25,24.92,16.29
1.17,0.0656,0.2,35.75,13.96,9.1
1.1,0.0632,0.19,32.94,24.61,16.31
1.32,0.0631,0.22,31.35,20.76,14.04
2.11,0.0672,0.37,32.46,22.25,15.72
2.85,0.0682,0.44,34.16,30.64,21.9
2.43,0.0699,0.41,35.56,24.52,17.39
1.48,0.0677,0.29,35.4,13.85,9.55
1.69,0.0702,0.35,35.43,13.83,9.52
1.82,0.071,0.32,34.04,18.57,12.73
1.74,0.0714,0.38,32.04,19.81,13.74
1.49,0.0692,0.29,30.7,17.39,11.9
1.23,0.0666,0.28,30.95,15.36,10.54
0.83,0.0658,0.29,31.28,11.46,7.54
0.96,0.0665,0.36,31.23,6.51,4.53
1.15,0.0691,0.38,32.75,12.33,8.46
1.18,0.0712,0.3,31.87,18.4,12.15
0.95,0.0702,0.3,31.97,13.44,8.56
0.87,0.0739,0.39,32.02,15.1,9.92
1.0,0.0739,0.29,35.25,12.58,8.47
0.92,0.0727,0.32,36.82,11.75,7.92
0.84,0.0737,0.31,36.88,14.86,9.67
0.91,0.082,0.32,37.07,17.33,11.11
0.79,0.0799,0.32,37.06,13.97,8.91
1.41,0.0795,0.34,37.39,21.92,15.23
1.82,0.0701,0.3,36.03,28.99,20.31
0.97,0.0686,0.32,36.62,10.92,7.37
1.37,0.0734,0.33,36.54,17.61,12.29
1.94,0.077,0.31,34.42,32.61,22.41
1.33,0.0762,0.29,35.01,15.64,10.55
0.88,0.0762,0.34,34.07,11.63,7.73
0.91,0.079,0.3,36.31,12.32,8.24
0.78,0.0789,0.34,35.17,9.95,6.74
0.76,0.0816,0.3,34.23,13.64,9.4
1.18,0.0881,0.39,36.62,20.97,14.81
1.34,0.0817,0.26,35.95,22.35,15.96
0.95,0.0777,0.34,32.53,13.18,9.11
1.29,0.0765,0.3,37.16,14.78,10.42
1.61,0.076,0.33,37.64,26.71,18.89
1.21,0.0787,0.51,35.69,17.56,12.35
0.95,0.0779,0.38,33.92,16.87,11.9
0.91,0.0775,0.35,33.33,21.41,14.86
0.76,0.0753,0.47,33.37,11.79,8.11
0.87,0.0732,0.39,32.37,11.09,7.42
0.98,0.0752,0.34,34.2,14.77,9.76
0.75,0.082,0.37,37.71,15.14,9.8
1.06,0.0728,0.36,36.86,18.11,12.02
1.22,0.076,0.33,34.1,15.07,10.19
1.36,0.0798,0.38,35.41,13.12,9.06
1.18,0.0804,0.37,34.92,20.32,13.83
0.83,0.0771,0.34,33.69,17.6,11.6
0.88,0.0725,0.31,31.82,17.38,11.41
0.92,0.0743,0.28,33.92,13.83,9.24
0.85,0.0713,0.32,34.0,17.68,11.44
1.07,0.0703,0.38,35.74,22.66,14.98
1.11,0.0718,0.32,33.29,17.9,11.94
0.93,0.0705,0.3,34.19,17.82,11.71
1.52,0.0706,0.36,36.54,20.13,13.63
1.49,0.0759,0.33,38.01,24.58,17.07
1.17,0.0756,0.29,37.8,24.58,17.12
1.13,0.0723,0.21,39.58,9.93,6.99
1.6,0.067,0.21,38.2,15.56,10.93
1.23,0.065,0.28,35.75,21.84,15.28
1.16,0.0704,0.52,34.74,18.96,13.24
1.63,0.0713,0.39,33.35,21.99,15.34
1.41,0.0666,0.33,34.35,21.82,14.91
1.05,0.0659,0.4,32.17,17.86,12.03
0.96,0.0703,0.41,30.63,12.65,8.68
1.16,0.0698,0.23,30.14,11.56,8.11
1.52,0.0717,0.24,28.89,14.0,9.87
1.59,0.0602,0.26,27.48,31.26,21.93
1.3,0.0576,0.26,27.1,25.43,17.7
0.96,0.0608,0.24,27.74,18.52,12.53
1.19,0.0644,0.29,31.16,17.12,11.66
1.18,0.0634,0.3,35.79,17.18,11.71
1.17,0.0582,0.26,34.69,17.83,12.29
1.46,0.0581,0.25,34.67,21.93,15.16
1.35,0.0602,0.31,34.46,13.11,8.99
1.17,0.0591,0.24,33.58,19.89,13.24
1.4,0.058,0.27,33.65,22.57,15.13
1.37,0.0603,0.45,33.12,16.42,11.27
1.64,0.0652,0.5,33.01,20.07,13.83
1.83,0.0677,0.52,31.8,22.63,15.56
1.52,0.0636,0.36,30.16,19.23,13.25
1.37,0.0598,0.3,29.17,20.12,13.55
1.32,0.0595,0.28,29.2,15.11,10.3
1.25,0.0583,0.3,30.01,12.73,8.79
1.62,0.0588,0.33,29.35,21.28,14.64
1.25,0.0605,0.34,28.35,15.33,10.51
1.22,0.0607,0.24,28.06,16.38,11.17
1.43,0.0636,0.36,29.43,12.05,8.43
0.99,0.0603,0.26,30.52,25.6,17.82
1.32,0.0598,0.28,30.83,21.09,14.64
1.51,0.0605,0.26,30.42,21.57,14.79
1.14,0.0601,0.31,29.8,21.36,14.68
1.16,0.0601,0.39,28.92,16.73,11.51
1.47,0.0607,0.18,28.66,27.39,19.02
1.35,0.0611,0.16,27.92,27.41,19.14
1.49,0.0605,0.19,27.97,15.92,11.19
1.37,0.065,0.28,28.12,27.26,19.02
1.35,0.063,0.32,28.83,16.45,11.48
1.27,0.0559,0.26,30.41,15.67,10.71
1.26,0.0571,0.44,30.71,16.87,11.42
1.4,0.0592,0.4,30.3,14.9,10.16
1.23,0.0582,0.33,30.06,14.71,10.09
1.4,0.053,0.17,28.69,19.03,13.2
1.62,0.0523,0.28,27.39,18.38,12.7
1.54,0.0583,0.47,28.19,18.56,12.75
1.54,0.0574,0.34,29.28,17.92,12.28
1.41,0.0533,0.26,29.82,20.5,14.11
1.31,0.056,0.33,29.33,21.79,14.96
1.16,0.0592,0.43,29.47,20.13,13.42
0.98,0.0601,0.54,28.65,13.49,8.98
1.29,0.0535,0.21,28.52,27.02,18.33
1.54,0.053,0.25,28.36,25.72,17.74
1.27,0.0501,0.22,27.88,24.58,16.9
1.33,0.0511,0.37,27.47,18.66,12.85
1.51,0.0512,0.26,27.9,11.2,7.88
1.34,0.0533,0.33,27.86,15.28,10.64
1.38,0.0532,0.24,27.7,25.45,17.64
1.61,0.0495,0.19,27.63,19.47,13.48
1.3,0.0507,0.2,28.15,23.28,15.91
1.55,0.0524,0.28,28.16,31.65,21.82
1.65,0.0566,0.33,27.9,24.2,16.66
1.62,0.058,0.5,27.99,14.38,9.88
1.76,0.0514,0.18,27.93,19.89,13.58
1.63,0.0517,0.17,26.96,23.2,15.88
1.61,0.0528,0.19,26.4,18.44,12.68
1.39,0.0543,0.24,26.05,14.53,10.01
1.51,0.0535,0.23,26.31,18.14,12.48
1.56,0.052,0.22,26.54,21.87,14.98
1.69,0.0505,0.23,26.15,19.79,13.78
1.58,0.0529,0.25,25.74,22.76,15.68
1.42,0.0532,0.24,26.35,12.99,9.02
1.88,0.0556,0.4,26.53,22.25,15.42
1.58,0.0575,0.41,26.89,15.74,10.82
1.28,0.0561,0.29,27.2,19.61,13.27
1.73,0.053,0.26,26.92,31.73,22.12
1.62,0.0523,0.24,26.86,23.19,16.31
1.63,0.0503,0.21,27.13,25.06,17.48
1.58,0.0516,0.23,26.58,19.45,13.5
1.65,0.0524,0.26,26.43,22.14,15.38
1.79,0.0525,0.23,26.27,26.44,18.43
1.72,0.055,0.23,27.14,32.26,22.54
1.27,0.0568,0.2,27.66,21.12,14.62
1.29,0.0552,0.27,27.99,21.95,15.14
1.44,0.056,0.27,27.25,14.88,10.28
1.37,0.0565,0.2,27.73,17.12,11.81
1.25,0.0547,0.2,27.85,14.56,10.1
1.53,0.0559,0.32,27.36,23.44,16.29
1.38,0.0587,0.36,27.38,20.83,14.53
1.53,0.058,0.36,27.37,27.56,18.96
1.24,0.0592,0.34,27.46,17.08,11.57
1.1,0.0605,0.16,27.07,15.31,10.47
1.53,0.0633,0.21,26.83,26.33,18.23
1.66,0.0632,0.21,26.73,23.16,16.29
1.49,0.0606,0.21,27.25,21.13,14.66
1.42,0.0579,0.28,28.17,19.24,13.32
1.46,0.0599,0.28,28.91,15.79,11.01
1.57,0.0608,0.4,29.41,15.04,10.51
1.5,0.0558,0.28,28.57,22.07,15.3
1.49,0.0577,0.23,27.95,22.55,15.73
1.83,0.064,0.37,27.81,12.2,8.6
2.02,0.0632,0.26,27.74,21.51,15.17
2.05,0.0635,0.25,28.59,17.79,12.53
1.94,0.0635,0.22,28.85,24.46,17.2
1.69,0.0635,0.17,28.37,20.56,14.49
1.68,0.0599,0.19,27.52,25.58,17.95
1.8,0.0627,0.22,27.27,23.46,16.48
1.68,0.0658,0.21,27.69,17.68,12.47
1.82,0.0574,0.31,28.44,27.45,19.29
1.59,0.0557,0.26,28.22,18.52,13.05
1.99,0.0548,0.23,28.18,16.19,11.45
2.1,0.0566,0.25,27.97,24.6,17.34
2.06,0.0614,0.24,27.54,26.19,18.42
1.8,0.0578,0.31,27.83,34.66,24.28
1.67,0.0588,0.25,27.65,29.59,20.73
1.67,0.0586,0.26,27.38,27.25,19.09
2.06,0.0594,0.22,26.96,24.13,16.99
1.81,0.0578,0.28,27.23,22.75,15.96
1.75,0.0527,0.2,27.82,17.33,12.0
2.01,0.0539,0.3,27.29,22.32,15.6
1.62,0.0543,0.25,26.59,16.26,11.4
1.68,0.054,0.22,26.23,19.23,13.43
2.25,0.0553,0.18,25.95,16.51,11.63
1.86,0.0554,0.22,25.69,25.27,17.73
1.56,0.0554,0.28,25.61,20.54,14.37
1.45,0.0558,0.36,25.22,17.2,11.94
1.66,0.0546,0.21,25.31,23.72,16.48
1.71,0.0557,0.22,25.66,26.46,18.51
1.74,0.0537,0.2,25.98,19.66,13.8
1.37,0.054,0.21,26.01,14.67,10.27
1.42,0.0572,0.41,25.79,19.3,13.49
1.43,0.0583,0.32,25.23,19.69,13.73
1.2,0.0556,0.14,26.11,15.47,10.61
1.48,0.0607,0.16,26.33,15.8,10.82
1.86,0.0638,0.2,28.21,23.26,16.15
2.08,0.0617,0.33,28.42,23.18,16.09
1.87,0.0607,0.4,27.83,16.58,11.59
2.05,0.0594,0.32,27.89,17.08,12.0
2.06,0.0575,0.19,27.16,28.19,19.8
2.06,0.0645,0.27,26.94,27.43,19.26
2.06,0.0623,0.39,26.69,22.7,15.93
1.75,0.058,0.22,26.6,20.19,14.16
1.92,0.0591,0.23,26.51,16.91,11.93
1.72,0.0564,0.21,26.17,24.45,17.13
1.67,0.0558,0.33,26.02,22.1,15.38
1.36,0.0608,0.45,25.91,20.38,14.16
1.66,0.059,0.32,25.56,31.99,22.3
1.6,0.0642,0.24,25.26,15.33,10.81
1.49,0.0584,0.19,25.61,15.86,11.17
1.69,0.0589,0.22,25.91,21.1,14.87
1.95,0.0667,0.41,25.93,19.26,13.6
1.8,0.0646,0.17,26.14,18.48,13.03
1.66,0.0658,0.18,25.92,17.14,12.09
1.33,0.0663,0.18,26.23,16.04,11.27
1.7,0.0657,0.21,26.38,19.89,13.99
1.83,0.0626,0.19,26.51,19.66,13.84
1.6,0.0609,0.24,26.86,26.88,18.89
1.62,0.0566,0.21,27.07,22.0,15.45
1.54,0.0587,0.27,27.23,18.85,13.25
1.52,0.0602,0.52,26.83,15.82,11.14
1.23,0.0602,0.21,26.7,12.15,8.55
1.78,0.0617,0.18,27.1,19.23,13.53
1.62,0.0611,0.31,28.22,20.94,14.62
1.45,0.0595,0.46,29.13,21.52,14.98
1.44,0.0621,0.44,28.92,22.67,15.67
1.71,0.0607,0.4,28.75,22.96,15.91
1.62,0.064,0.27,28.34,17.44,12.1
1.63,0.0623,0.16,27.94,22.36,15.58
1.88,0.0646,0.21,28.44,26.1,18.34
2.24,0.0694,0.29,28.46,43.89,31.15
1.85,0.0715,0.32,27.98,24.7,17.58
1.52,0.0733,0.21,28.85,21.47,15.15
1.61,0.0715,0.16,29.0,19.5,13.74
1.64,0.0702,0.18,29.53,23.51,16.52
1.88,0.0705,0.26,29.22,30.76,21.76
1.83,0.0721,0.31,29.61,16.24,11.51
1.83,0.0773,0.64,29.3,23.34,16.46
1.54,0.0744,0.41,28.68,17.59,12.28
1.32,0.073,0.25,29.33,9.24,6.45
1.54,0.067,0.17,28.52,15.9,11.09
1.66,0.0707,0.21,28.9,20.89,14.6
2.17,0.0761,0.27,28.52,28.62,20.27
2.03,0.0843,0.44,27.89,21.48,15.24
1.72,0.0769,0.52,27.91,27.39,19.36
1.6,0.0755,0.5,27.37,19.8,13.92
1.53,0.0726,0.33,28.89,21.25,14.77
1.63,0.0691,0.23,26.85,19.59,13.67
1.93,0.0769,0.22,26.82,24.09,16.88
1.75,0.0789,0.18,27.62,20.16,14.2
1.72,0.0747,0.2,26.96,14.53,10.27
1.9,0.0712,0.23,26.49,22.84,16.13
1.83,0.0653,0.48,26.9,17.17,12.14
1.77,0.0692,0.39,28.5,22.19,15.38
1.59,0.0728,0.4,30.24,20.61,13.82
1.52,0.068,0.33,30.23,18.53,12.38
1.56,0.0615,0.23,29.7,14.95,10.2
1.7,0.0649,0.39,29.15,18.14,12.42
1.86,0.0652,0.4,27.98,18.33,12.72
2.43,0.0718,0.44,29.05,22.94,16.01
1.9,0.0727,0.49,30.64,25.19,17.55
1.71,0.0643,0.4,30.23,18.05,12.48
1.51,0.0691,0.38,29.06,24.29,16.26
1.83,0.0699,0.46,31.46,20.98,14.03
2.14,0.0664,0.38,36.78,25.57,17.16
1.9,0.0652,0.37,37.05,19.31,13.09
1.82,0.0606,0.39,33.55,19.5,13.39
1.88,0.0638,0.41,29.98,18.71,12.79
2.32,0.0676,0.41,27.93,25.22,16.98
1.94,0.0666,0.35,29.18,30.04,20.34
1.61,0.0743,0.3,29.91,18.74,12.9
2.53,0.0806,0.22,29.01,17.48,12.29
2.23,0.0763,0.28,31.97,19.73,13.89
1.66,0.076,0.38,31.9,20.19,14.14
1.79,0.0762,0.42,30.83,13.24,9.3
1.82,0.0661,0.38,29.4,24.72,17.25
1.83,0.0722,0.22,28.81,19.92,13.97
2.12,0.0633,0.32,29.25,23.17,16.21
1.92,0.0629,0.3,29.21,16.9,11.81
2.05,0.0619,0.34,30.34,13.8,9.74
1.97,0.0662,0.46,29.46,24.79,17.39
1.77,0.0664,0.58,29.07,25.36,17.73
1.56,0.0641,0.4,29.25,18.59,12.86
1.96,0.0655,0.5,30.31,21.43,14.71
2.25,0.0651,0.46,30.75,23.25,15.67
2.22,0.0647,0.45,31.09,21.0,14.01
1.85,0.0631,0.28,33.55,23.43,15.42
1.89,0.0643,0.22,33.8,19.33,12.99
1.8,0.0597,0.23,29.52,16.98,11.67
1.91,0.0592,0.31,27.4,23.74,16.2
1.83,0.0622,0.35,29.23,22.86,15.05
2.03,0.0649,0.42,31.36,17.35,11.81
2.17,0.07,0.51,30.63,21.21,14.23
2.06,0.0681,0.39,31.82,26.25,17.45
2.49,0.0696,0.47,32.2,28.79,19.69
2.11,0.0694,0.27,35.01,23.66,16.08
1.83,0.0627,0.21,34.34,25.69,17.63
1.52,0.0641,0.43,32.39,20.16,13.9
1.59,0.0673,0.59,30.93,18.54,12.82
1.9,0.0618,0.4,30.08,24.76,16.91
1.91,0.0614,0.45,30.75,21.52,14.53
1.8,0.0668,0.42,30.76,23.87,16.02
1.62,0.0624,0.34,34.26,22.52,15.1
1.52,0.0601,0.39,32.51,16.6,11.12
1.59,0.0666,0.45,32.54,20.31,13.35
1.5,0.0688,0.34,34.78,25.64,16.22
1.83,0.0656,0.34,35.34,18.44,12.26
2.27,0.0653,0.46,33.5,28.15,19.24
1.9,0.0667,0.44,31.89,12.32,8.64
2.02,0.0593,0.35,29.32,21.41,14.98
1.84,0.0639,0.45,28.85,23.56,16.12
1.78,0.0674,0.31,29.47,22.25,15.14
1.65,0.0619,0.24,31.36,20.63,14.12
1.5,0.0639,0.39,31.52,15.09,10.4
1.69,0.0618,0.38,28.43,16.82,11.7
1.37,0.0593,0.42,28.79,21.54,14.74
1.49,0.0628,0.62,31.79,18.6,12.67
1.85,0.064,0.4,32.19,21.57,14.36
2.01,0.0686,0.29,35.2,20.93,14.34
1.67,0.0672,0.19,34.61,18.37,12.85
1.48,0.0713,0.19,35.11,13.1,9.14
1.73,0.0644,0.22,31.63,24.23,16.7
1.67,0.0623,0.47,30.97,18.61,12.82
1.95,0.068,0.63,31.54,22.32,15.21
1.94,0.0679,0.52,32.26,18.76,12.66
1.99,0.0707,0.33,36.65,21.61,14.36
2.03,0.0715,0.37,37.02,20.09,13.43
2.24,0.072,0.39,35.59,27.93,18.74
1.97,0.075,0.44,38.43,24.54,16.68
1.32,0.0735,0.29,37.99,20.26,13.43
1.51,0.0806,0.29,40.18,22.97,14.97
1.2,0.0931,0.26,41.49,23.3,14.86
1.29,0.0827,0.31,43.63,18.13,11.84
1.7,0.082,0.31,41.34,25.89,17.26
1.51,0.0724,0.32,39.12,22.85,15.08
1.85,0.0664,0.32,38.77,20.2,13.46
1.74,0.0676,0.35,35.4,24.05,15.82
1.94,0.0742,0.32,37.34,28.71,18.36
1.7,0.0737,0.33,37.67,15.65,10.51
1.71,0.0672,0.26,36.07,16.69,11.28
1.66,0.0663,0.19,31.57,18.15,12.41
1.55,0.0612,0.22,27.35,16.77,11.51
1.77,0.0673,0.22,29.71,17.49,12.14
1.88,0.0669,0.21,29.02,24.31,17.01
1.73,0.0676,0.29,30.9,19.6,13.74
1.92,0.0697,0.24,29.76,16.54,11.65
1.33,0.0707,0.31,30.69,15.86,11.1
1.18,0.0647,0.39,32.68,16.15,11.0
1.78,0.0636,0.34,37.37,21.16,14.72
2.13,0.0705,0.26,41.39,23.0,15.44
1.35,0.0879,0.19,41.9,26.55,17.1
1.07,0.0927,0.21,43.51,19.73,12.64
1.95,0.0957,0.24,42.24,21.66,14.97
2.29,0.0867,0.23,39.27,19.23,13.56
2.02,0.0816,0.27,37.91,20.25,14.26
2.1,0.0707,0.35,36.26,21.03,14.61
1.97,0.0675,0.35,33.7,20.3,14.17
1.76,0.0702,0.3,32.23,23.85,16.65
2.04,0.0667,0.48,33.22,21.51,15.09
1.94,0.0689,0.44,32.86,16.9,11.58
1.97,0.0686,0.34,30.82,21.75,14.88
1.92,0.066,0.32,31.97,24.71,16.68
1.83,0.065,0.37,35.21,23.03,15.15
1.81,0.0692,0.31,40.37,16.89,11.28
1.95,0.0691,0.31,41.13,22.56,14.94
2.09,0.0764,0.32,39.54,25.66,17.39
1.86,0.0747,0.31,39.79,21.32,14.72
2.06,0.0692,0.42,36.79,25.11,16.87
1.86,0.0695,0.35,32.8,20.88,13.69
1.74,0.0659,0.26,34.9,18.81,12.67
1.87,0.0645,0.24,34.52,22.57,15.39
2.16,0.0618,0.21,32.52,27.65,19.14
1.93,0.0621,0.21,29.57,21.15,14.84
2.05,0.0659,0.19,31.4,18.06,12.63
1.63,0.0701,0.23,32.44,10.72,7.56
1.84,0.0641,0.26,32.04,19.95,13.95
1.97,0.0649,0.52,30.33,19.52,13.63
1.91,0.067,0.35,31.41,20.54,13.99
2.15,0.0683,0.4,34.49,27.93,19.12
2.04,0.0658,0.35,32.86,23.97,16.45
1.77,0.0605,0.35,30.23,21.55,14.44
1.79,0.0631,0.31,31.18,18.39,12.3
1.66,0.0667,0.36,35.73,17.65,11.67
1.6,0.0656,0.34,33.74,21.34,13.77
2.0,0.066,0.35,34.81,22.88,15.06
2.18,0.065,0.39,32.26,31.89,21.25
2.14,0.069,0.35,33.95,29.49,19.96
1.59,0.0679,0.31,34.45,22.55,14.85
1.72,0.0703,0.33,36.41,21.39,14.22
1.98,0.0695,0.37,34.17,28.96,19.5
2.03,0.0672,0.37,31.79,20.29,13.81
1.68,0.0649,0.39,30.02,18.09,12.27
1.8,0.066,0.28,30.13,21.09,14.47
1.83,0.0722,0.34,32.29,22.08,15.25
2.12,0.0826,0.33,33.7,22.34,15.82
2.03,0.1126,0.31,34.71,33.5,23.75
2.34,0.1195,0.33,35.53,47.99,34.4
2.73,0.114,0.35,36.69,68.04,48.92
1.81,0.1385,0.35,37.22,55.4,39.79
1.43,0.1193,0.28,36.44,24.46,17.51
1.06,0.1,0.32,38.93,11.45,8.11
1.23,0.1008,0.33,38.78,15.22,10.72
1.81,0.0949,0.34,38.06,28.87,20.26
2.11,0.0935,0.36,37.4,35.41,24.97
2.1,0.0854,0.35,34.6,31.37,22.21
1.57,0.0787,0.26,34.08,20.25,14.24
1.54,0.0712,0.24,33.36,13.85,9.74
1.76,0.0815,0.36,33.44,23.39,16.41
1.63,0.0743,0.18,32.33,28.44,19.95
1.56,0.0785,0.15,31.98,27.27,19.16
1.81,0.0779,0.15,31.37,27.64,19.65
2.24,0.0785,0.18,31.33,27.91,19.85
2.29,0.0788,0.19,30.77,22.93,16.33
2.13,0.083,0.16,30.43,26.3,18.76
1.81,0.0836,0.16,30.42,22.4,15.92
1.87,0.0844,0.19,30.96,28.11,19.93
1.62,0.0788,0.26,30.69,42.57,30.08
1.44,0.0871,0.37,30.34,31.29,22.16
1.61,0.0884,0.39,35.8,20.23,14.32
1.68,0.0859,0.37,35.38,19.89,14.04
1.62,0.0819,0.37,34.52,19.37,13.66
1.81,0.0804,0.39,35.9,20.56,14.52
1.83,0.0738,0.38,34.84,23.57,16.2
1.64,0.0657,0.32,33.28,21.0,14.24
1.87,0.0717,0.39,30.68,29.54,19.96
1.56,0.0689,0.36,30.44,20.83,14.23
1.37,0.0718,0.33,31.18,21.25,14.29
1.39,0.0705,0.47,34.41,19.69,13.16
1.48,0.0709,0.54,34.32,16.06,10.94
1.27,0.0657,0.34,33.03,17.58,11.7
1.76,0.0647,0.3,31.74,21.49,14.73
1.69,0.0656,0.51,30.58,19.15,13.1
1.68,0.0639,0.4,30.06,22.3,15.09
1.74,0.0642,0.35,31.74,20.93,14.41
1.84,0.0611,0.29,31.53,22.51,15.67
1.55,0.0665,0.44,30.39,27.01,18.43
1.59,0.068,0.43,30.68,22.32,14.77
1.53,0.0698,0.33,31.35,23.61,15.86
0.89,0.0643,0.26,30.42,13.63,8.97
1.5,0.0561,0.18,28.85,19.43,13.31
1.46,0.0559,0.21,27.87,19.44,13.56
1.66,0.0596,0.23,28.15,19.55,13.7
1.59,0.0628,0.29,28.81,18.3,12.82
1.13,0.0627,0.38,29.76,12.48,8.73
1.66,0.0637,0.39,30.09,28.74,20.05
1.63,0.0629,0.37,29.92,21.23,14.9
1.37,0.0663,0.29,30.17,21.08,14.67
1.57,0.0654,0.21,29.39,16.16,11.38
1.56,0.0673,0.23,29.13,15.98,11.28
1.7,0.0682,0.26,29.23,26.83,18.88
1.22,0.063,0.31,29.6,40.93,28.66
1.78,0.0633,0.25,29.86,34.08,23.88
1.86,0.0625,0.16,30.47,23.8,16.65
1.8,0.0599,0.21,28.74,22.47,15.69
1.58,0.0603,0.29,27.78,32.07,22.46
1.6,0.0602,0.3,28.09,21.91,15.41
1.4,0.0602,0.32,27.95,21.68,15.27
1.57,0.0573,0.23,27.81,23.84,16.72
1.72,0.0621,0.23,28.48,17.38,12.25
1.88,0.0641,0.28,29.0,25.58,18.04
1.71,0.0643,0.28,28.74,17.96,12.72
1.48,0.0616,0.25,28.72,22.07,15.6
1.27,0.058,0.2,25.15,15.64,11.04
1.13,0.0572,0.25,29.78,26.45,18.65
1.69,0.0548,0.19,29.74,23.53,16.66
1.42,0.0543,0.19,29.15,24.88,17.72
1.47,0.0529,0.18,28.49,20.56,14.63
1.35,0.0526,0.18,28.31,12.38,8.71
1.53,0.0517,0.2,28.46,15.4,10.8
1.48,0.052,0.25,28.43,14.92,10.46
1.34,0.0515,0.22,27.72,23.41,16.27
1.51,0.0562,0.3,27.71,26.8,18.67
1.61,0.0584,0.3,27.56,22.94,16.12
1.54,0.0586,0.24,27.69,22.9,16.15
1.64,0.0559,0.25,27.78,22.03,15.55
1.61,0.0529,0.23,27.48,25.35,17.82
1.35,0.0524,0.21,27.3,21.34,14.83
1.03,0.0519,0.22,27.02,17.41,12.0
1.35,0.0514,0.23,27.07,24.9,17.3
1.51,0.0524,0.28,27.08,17.87,12.56
1.47,0.0515,0.23,26.89,13.97,9.86
1.58,0.0519,0.24,26.66,18.11,12.71
1.42,0.0538,0.29,26.67,20.77,14.55
1.58,0.061,0.32,26.82,20.71,14.47
1.52,0.0633,0.24,26.64,34.19,23.91
1.41,0.0563,0.17,26.83,17.26,12.05
1.66,0.0541,0.21,27.21,23.98,16.47
1.67,0.0541,0.44,27.84,31.93,22.23
1.59,0.0565,0.49,28.45,24.63,17.04
1.3,0.0572,0.41,28.23,14.98,10.13
1.56,0.0515,0.25,28.17,16.46,11.43
1.46,0.0507,0.27,28.61,18.32,12.75
1.31,0.0515,0.26,29.88,12.95,9.05
1.35,0.052,0.22,28.78,17.26,11.92
1.63,0.0508,0.24,27.03,15.01,10.48
1.47,0.0519,0.29,26.78,18.15,12.67
1.38,0.0499,0.19,26.15,12.2,8.55
1.32,0.0529,0.16,26.06,20.41,14.27
1.5,0.0571,0.2,27.57,33.36,24.27
1.53,0.0579,0.22,28.35,20.12,14.83
1.75,0.0574,0.23,28.04,25.38,18.3
1.97,0.0618,0.24,27.36,15.58,11.19
1.91,0.0629,0.21,27.53,11.9,8.48
1.64,0.0606,0.21,27.51,19.9,14.17
1.61,0.0606,0.2,27.22,19.33,13.72
1.72,0.0587,0.21,27.94,15.61,11.08
1.87,0.0652,0.21,27.79,12.96,9.18
2.03,0.0628,0.24,27.66,21.05,14.98
1.67,0.0606,0.21,27.57,15.87,11.3
1.68,0.0615,0.21,27.92,17.1,12.1
1.8,0.0622,0.26,27.64,23.12,16.28
1.56,0.0585,0.3,27.22,21.09,14.95
1.67,0.0618,0.28,27.06,28.29,19.97
1.59,0.0622,0.29,27.09,19.18,13.57
1.76,0.0652,0.28,26.97,17.29,12.23
1.71,0.0658,0.23,26.87,18.9,13.36
1.57,0.0625,0.21,27.03,19.2,13.59
1.53,0.0556,0.44,27.02,21.65,15.22
1.63,0.0527,0.25,27.79,19.12,13.48
1.33,0.0584,0.33,27.6,15.32,10.79
1.62,0.0556,0.35,27.55,19.52,13.75
1.46,0.0612,0.48,28.46,21.65,15.27
1.51,0.0554,0.27,29.21,21.54,15.07
1.38,0.0541,0.2,29.42,22.31,15.69
1.21,0.0563,0.37,28.58,25.29,17.76
1.6,0.0575,0.42,28.08,24.21,16.93
1.76,0.0529,0.24,27.71,21.94,15.38
1.62,0.0535,0.34,27.15,24.46,17.22
1.44,0.0583,0.56,26.45,21.38,15.09
1.09,0.0554,0.35,26.55,14.86,10.43
1.48,0.0521,0.21,26.52,18.57,13.21
1.51,0.0525,0.22,26.79,20.46,14.53
1.52,0.0509,0.2,26.65,21.51,15.18
1.49,0.0519,0.21,26.18,28.1,19.56
1.55,0.0527,0.23,25.83,26.34,18.34
1.37,0.0519,0.16,26.69,21.18,14.79
1.63,0.0533,0.19,27.9,19.22,13.48
1.51,0.0558,0.25,27.83,23.84,16.76
1.38,0.0526,0.24,27.2,15.83,11.14
1.62,0.0554,0.18,26.38,22.52,15.83
1.67,0.0508,0.2,26.39,28.5,20.0
1.61,0.0514,0.19,26.72,19.0,13.32
1.74,0.053,0.35,26.19,20.65,14.5
1.54,0.0577,0.47,26.3,17.87,12.61
1.53,0.056,0.27,26.09,18.96,13.35
1.64,0.0526,0.16,25.51,22.66,15.84
1.68,0.0521,0.18,25.48,17.28,12.19
1.74,0.0528,0.22,25.54,23.27,16.27
1.42,0.0543,0.21,25.61,24.68,17.33
1.42,0.0549,0.18,25.94,21.0,14.77
1.56,0.0603,0.16,27.07,18.23,12.78
1.7,0.0594,0.17,26.86,19.83,13.83
1.6,0.0631,0.18,26.68,19.99,13.8
1.78,0.0637,0.16,27.09,19.89,13.91
1.54,0.0596,0.29,27.65,23.14,16.26
1.7,0.0584,0.37,26.56,22.47,15.77
1.66,0.0562,0.22,25.9,20.44,14.23
1.9,0.0586,0.41,26.11,25.57,17.72
1.55,0.0638,0.44,26.38,21.7,14.82
1.58,0.0616,0.37,26.14,18.33,12.73
1.6,0.0588,0.15,26.22,15.76,11.06
1.81,0.0614,0.22,26.16,13.29,9.35
1.37,0.0625,0.24,26.18,15.81,11.14
1.47,0.0589,0.18,26.41,15.23,10.72
1.63,0.059,0.16,26.5,20.39,14.25
1.57,0.0566,0.18,26.5,21.65,15.08
1.49,0.0606,0.42,26.52,14.72,10.32
1.71,0.0656,0.43,26.65,18.39,12.84
1.34,0.0642,0.35,27.15,23.93,16.56
1.74,0.0637,0.29,27.65,12.24,8.63
1.85,0.0639,0.29,27.01,18.75,13.25
1.78,0.0704,0.28,27.22,21.01,14.9
1.71,0.0669,0.34,26.6,28.37,20.15
1.68,0.0587,0.27,26.52,23.69,16.74
1.67,0.0577,0.29,26.01,19.95,14.05
1.37,0.0579,0.25,25.61,26.1,18.21
1.54,0.0614,0.26,26.02,21.6,15.16
1.45,0.0598,0.18,25.84,24.23,17.01
1.54,0.0608,0.16,26.4,17.78,12.42
1.9,0.0699,0.28,26.78,29.15,20.41
1.87,0.0718,0.26,27.06,18.75,13.26
1.85,0.069,0.17,27.69,33.92,23.89
1.84,0.0692,0.18,27.95,35.8,25.26
1.51,0.0647,0.12,27.61,32.18,22.75
1.42,0.0639,0.14,26.82,20.1,14.26
1.76,0.0634,0.23,26.69,19.47,13.82
2.03,0.0689,0.68,27.08,27.93,19.91
1.6,0.0702,0.43,26.89,19.31,13.69
1.55,0.0689,0.27,26.94,26.0,18.38
1.81,0.0635,0.23,26.37,17.23,12.21
1.89,0.0634,0.35,25.94,20.63,14.59
1.78,0.0648,0.54,25.9,16.54,11.64
1.53,0.0619,0.38,26.34,25.86,17.87
1.72,0.0578,0.26,25.88,19.53,13.58
1.58,0.0611,0.41,25.61,19.39,13.52
1.39,0.0649,0.28,25.62,15.81,11.07
1.11,0.0586,0.18,25.65,14.82,10.31
1.72,0.063,0.25,25.66,25.29,17.68
1.7,0.0693,0.31,26.09,18.55,13.08
1.72,0.0713,0.26,27.02,17.42,12.27
1.27,0.0638,0.2,27.01,17.3,12.19
1.36,0.0566,0.23,26.0,10.81,7.64
1.63,0.0609,0.43,25.38,23.04,16.14
1.82,0.0621,0.52,26.39,23.73,16.72
1.98,0.0645,0.51,32.08,26.07,17.93
1.57,0.0627,0.58,34.45,19.92,13.39
1.44,0.0613,0.36,37.13,18.58,12.64
1.65,0.058,0.28,35.03,23.78,16.26
1.86,0.0573,0.26,32.63,26.38,18.29
1.79,0.0565,0.36,27.98,22.61,15.87
1.77,0.0624,0.52,28.11,17.88,12.55
1.76,0.0658,0.45,27.74,22.58,15.48
1.46,0.0602,0.33,28.06,14.09,9.77
1.61,0.0602,0.25,27.47,20.37,13.85
1.84,0.0598,0.43,27.41,26.29,17.72
1.8,0.0623,0.49,27.85,17.39,12.03
1.78,0.0627,0.47,27.16,18.79,12.88
1.73,0.0667,0.53,27.2,18.56,12.79
1.84,0.0633,0.55,27.69,25.32,17.4
1.51,0.0605,0.28,28.0,25.96,17.56
1.41,0.0633,0.23,27.54,18.79,12.67
1.77,0.0611,0.25,27.35,22.07,15.22
1.62,0.0621,0.21,27.32,20.98,14.54
1.8,0.0641,0.27,27.2,27.28,19.05
1.94,0.0632,0.26,26.77,18.19,12.85
1.92,0.0587,0.23,26.22,17.75,12.48
1.9,0.0619,0.57,26.33,20.63,14.34
1.75,0.0666,0.42,28.79,23.3,15.58
1.8,0.0662,0.43,30.66,23.06,15.37
1.85,0.0632,0.36,30.42,17.6,12.05
1.96,0.063,0.5,28.88,23.44,16.05
2.11,0.0663,0.57,27.32,21.0,14.2
2.09,0.0644,0.33,28.93,23.95,16.16
2.04,0.0661,0.44,29.75,25.77,17.51
2.03,0.0707,0.46,29.27,29.42,20.14
1.83,0.069,0.31,28.67,26.34,18.02
1.94,0.0714,0.25,27.3,21.08,14.58
1.72,0.0855,0.26,29.35,20.38,13.95
1.35,0.0904,0.32,38.94,19.34,12.57
1.99,0.088,0.28,41.44,31.1,20.65
2.32,0.0852,0.3,42.0,28.08,19.02
2.02,0.0935,0.39,40.89,27.86,19.16
2.04,0.0784,0.42,38.33,26.48,18.21
2.58,0.0936,0.37,36.88,31.77,21.84
2.12,0.075,0.35,40.09,20.52,14.08
2.27,0.0712,0.5,34.89,23.75,16.38
2.04,0.0738,0.4,30.4,21.18,14.59
1.8,0.0782,0.46,32.07,20.98,14.12
1.61,0.0792,0.33,38.8,21.56,14.16
1.83,0.0773,0.28,39.84,21.47,14.34
2.02,0.0804,0.2,36.01,25.91,17.74
1.52,0.0738,0.21,36.21,17.53,11.89
2.66,0.0761,0.35,34.17,21.89,15.31
2.32,0.0707,0.42,31.41,23.03,15.94
2.04,0.0734,0.33,33.33,18.23,12.35
2.11,0.0703,0.4,37.1,28.8,18.98
2.21,0.0681,0.41,37.08,25.75,17.32
2.02,0.0743,0.34,37.88,25.85,17.15
1.9,0.0764,0.39,38.15,22.33,15.07
2.3,0.0732,0.38,38.77,25.37,17.53
2.38,0.0744,0.34,38.35,27.37,18.97
2.13,0.0799,0.37,37.62,24.06,16.11
1.65,0.0854,0.34,38.85,21.49,14.03
1.12,0.078,0.38,41.51,16.08,10.4
1.49,0.0771,0.33,42.18,23.33,14.9
1.51,0.0757,0.41,41.95,19.05,12.49
1.08,0.0772,0.38,41.37,20.46,12.82
1.1,0.0728,0.4,41.58,15.59,10.08
1.18,0.0812,0.34,41.75,23.5,14.96
1.23,0.0828,0.3,41.77,20.09,12.84
1.78,0.0824,0.33,40.75,25.13,16.48
1.65,0.0809,0.32,40.84,20.12,13.45
2.22,0.0851,0.35,39.31,20.86,14.36
2.09,0.0861,0.33,37.53,26.65,18.59
2.23,0.0833,0.42,36.54,24.07,16.84
2.05,0.0698,0.37,34.85,27.36,18.84
2.15,0.0757,0.38,34.18,27.76,19.21
1.97,0.071,0.31,33.84,22.72,15.64
1.42,0.0738,0.28,36.51,22.54,14.81
1.11,0.0816,0.24,43.16,20.64,13.14
1.4,0.0817,0.26,43.15,22.81,15.0
1.34,0.0867,0.24,42.3,23.12,15.23
1.02,0.0815,0.3,41.75,18.68,11.96
1.48,0.0777,0.3,40.92,15.85,10.6
2.14,0.068,0.35,39.79,20.65,14.28
2.49,0.0732,0.36,37.93,23.89,16.44
2.29,0.076,0.39,37.0,22.41,15.36
2.12,0.0823,0.4,38.61,29.27,19.4
1.74,0.0859,0.32,39.2,21.73,14.71
1.92,0.0758,0.36,38.84,22.42,15.3
1.64,0.068,0.3,35.61,18.67,12.75
1.07,0.0692,0.2,30.56,16.25,10.99
1.71,0.0652,0.27,30.74,18.05,12.37
1.9,0.0683,0.54,31.19,20.22,13.79
1.87,0.0686,0.47,32.29,17.24,12.0
2.38,0.0691,0.67,32.71,26.48,18.52
2.3,0.0694,0.49,33.82,35.63,24.15
2.11,0.0728,0.32,36.09,27.93,18.53
2.1,0.0741,0.35,37.05,24.36,16.16
1.89,0.07,0.41,36.82,25.9,17.38
1.66,0.0661,0.33,36.25,20.95,14.25
1.59,0.0734,0.36,36.56,17.44,11.68
1.42,0.0781,0.27,39.8,20.17,12.88
1.51,0.072,0.32,38.09,22.86,14.71
1.51,0.0765,0.3,36.85,21.4,13.86
1.18,0.0726,0.34,40.51,19.37,12.43
1.57,0.0721,0.35,40.78,16.14,10.81
1.82,0.0702,0.33,40.03,18.73,12.63
1.78,0.0657,0.37,35.76,22.94,15.36
2.24,0.0735,0.33,33.8,29.37,19.29
2.02,0.0753,0.33,35.51,22.4,14.79
1.82,0.0783,0.37,38.81,25.59,17.06
2.18,0.0823,0.29,38.42,22.73,15.75
2.24,0.0758,0.33,38.57,24.13,16.89
1.92,0.076,0.32,37.38,19.36,13.3
1.77,0.0635,0.38,37.57,17.89,12.23
2.05,0.0727,0.39,33.24,32.3,21.63
1.69,0.0709,0.31,33.32,22.45,14.79
2.25,0.072,0.36,32.45,30.57,20.28
2.42,0.0769,0.39,32.02,25.94,17.11
1.97,0.0809,0.28,34.6,25.69,16.49
1.2,0.0788,0.31,37.79,18.3,11.52
1.46,0.0851,0.28,37.53,15.87,10.42
1.36,0.0775,0.31,38.12,15.25,9.83
1.3,0.0717,0.39,36.7,19.34,12.29
1.71,0.0705,0.36,35.46,17.82,11.66
1.98,0.0706,0.33,34.27,20.16,13.33
1.81,0.0674,0.29,33.35,24.3,15.9
1.99,0.0704,0.44,32.04,19.15,13.25
2.49,0.0677,0.4,32.86,25.71,17.8
1.89,0.07,0.27,32.58,22.84,15.74
1.62,0.0642,0.21,31.5,20.74,14.03
1.52,0.0621,0.25,28.45,14.72,9.88
1.55,0.0613,0.3,26.85,16.28,11.2
1.8,0.061,0.27,26.92,27.02,18.56
1.69,0.0594,0.22,28.21,22.29,15.51
1.49,0.0581,0.29,25.51,24.28,16.62
1.51,0.0608,0.47,26.5,18.16,12.37
1.69,0.0624,0.4,27.78,17.13,11.76
1.71,0.057,0.27,28.84,19.12,13.04
1.52,0.0609,0.27,27.4,21.48,14.7
1.81,0.062,0.36,29.31,21.09,14.03
1.76,0.0636,0.37,31.04,22.19,15.0
1.49,0.0674,0.42,30.79,21.6,14.89
2.21,0.068,0.37,33.99,19.48,13.3
1.53,0.0631,0.34,33.07,19.61,12.79
1.76,0.0691,0.52,32.05,23.77,16.07
1.86,0.068,0.4,32.56,26.18,17.73
1.88,0.0687,0.39,31.7,32.36,21.72
1.82,0.0642,0.43,32.56,23.59,15.93
1.8,0.0651,0.36,33.08,20.86,14.3
1.62,0.0603,0.31,29.35,15.5,10.7
1.72,0.0596,0.28,27.27,19.91,13.64
1.94,0.0622,0.39,27.6,21.85,14.99
2.2,0.0704,0.42,29.55,27.54,19.08
2.03,0.0711,0.37,32.19,33.05,22.86
2.38,0.0662,0.44,33.46,35.98,24.96
2.12,0.0665,0.32,33.2,32.17,22.31
2.19,0.0608,0.36,33.86,24.63,17.01
1.74,0.0685,0.45,33.43,22.7,15.66
1.8,0.0674,0.39,32.92,25.87,17.97
1.27,0.0694,0.23,32.0,12.19,8.42
1.62,0.068,0.22,30.83,22.15,15.44
1.62,0.0671,0.14,31.48,17.76,12.37
1.54,0.0659,0.14,33.93,21.67,15.05
1.45,0.0723,0.14,33.14,18.65,12.96
1.33,0.075,0.15,31.74,18.61,12.84
1.49,0.0702,0.13,32.8,24.64,16.95
1.6,0.0661,0.14,35.89,16.15,11.3
1.95,0.071,0.17,33.62,19.53,13.75
2.02,0.0761,0.21,31.24,31.47,22.33
1.67,0.0755,0.32,30.36,32.81,23.31
1.74,0.0681,0.37,29.73,25.75,18.21
1.59,0.0671,0.34,30.76,18.33,12.7
1.44,0.0656,0.26,33.15,16.69,11.43
1.62,0.0642,0.28,33.81,17.7,12.19
1.55,0.0639,0.35,31.74,28.47,19.27
1.69,0.0687,0.36,29.8,21.21,14.57
2.02,0.067,0.26,31.46,27.09,18.41
1.7,0.0607,0.4,30.9,25.17,17.12
1.41,0.0613,0.4,30.69,17.06,11.74
1.4,0.0618,0.4,29.59,16.42,11.34
1.22,0.0584,0.22,26.91,17.73,12.04
1.56,0.0574,0.25,25.0,23.64,16.12
1.52,0.0593,0.46,26.11,17.58,11.95
1.63,0.0655,0.46,28.19,23.42,15.83
1.62,0.0646,0.36,30.71,16.18,11.09
1.53,0.0606,0.3,31.53,22.9,15.53
1.65,0.0599,0.35,31.84,21.26,14.67
1.49,0.0614,0.32,35.6,21.73,14.9
2.01,0.0632,0.36,33.38,27.74,19.03
1.85,0.0646,0.35,31.91,27.71,19.1
1.62,0.0676,0.32,32.86,19.15,12.86
1.32,0.0657,0.31,31.04,17.93,12.01
1.69,0.0629,0.38,31.58,20.61,13.95
1.39,0.0642,0.36,31.71,24.02,15.85
1.25,0.063,0.37,31.56,13.49,8.99
1.51,0.062,0.29,31.27,14.88,10.06
1.59,0.0573,0.17,31.82,22.12,14.93
1.45,0.0541,0.18,29.82,23.12,15.91
1.63,0.0546,0.21,28.56,19.86,13.9
1.37,0.0572,0.35,29.0,18.61,12.92
1.63,0.0553,0.21,29.26,22.3,15.44
1.63,0.058,0.24,30.76,19.37,13.43
1.55,0.0598,0.3,32.24,20.73,14.19
1.32,0.0563,0.22,33.26,12.14,8.41
1.47,0.0567,0.21,31.68,14.97,10.47
1.2,0.0568,0.21,30.42,26.36,18.19
1.49,0.057,0.24,30.05,19.76,13.72
1.68,0.0595,0.49,29.74,23.3,16.35
1.76,0.0593,0.33,29.48,19.1,13.28
1.52,0.056,0.25,28.38,24.1,16.43
1.48,0.0566,0.28,28.49,22.24,15.31
1.71,0.0596,0.23,28.55,24.58,17.2
1.41,0.0586,0.37,29.74,13.96,9.81
1.57,0.0628,0.33,30.2,16.69,11.71
1.61,0.06,0.22,31.29,19.71,13.81
1.45,0.0543,0.18,33.29,19.77,14.06
1.73,0.0553,0.19,34.75,23.14,16.72
1.73,0.0563,0.35,33.81,22.56,16.18
1.6,0.0597,0.4,32.15,18.89,13.35
1.56,0.0542,0.19,30.91,26.16,18.39
1.5,0.0521,0.23,30.76,23.96,16.97
1.52,0.0527,0.21,30.62,22.36,15.77
1.32,0.0538,0.25,28.67,22.32,15.62
1.3,0.0553,0.43,27.24,16.15,11.23
1.82,0.0532,0.2,27.42,21.23,14.83
1.8,0.0528,0.25,26.8,28.59,20.03
1.66,0.0568,0.58,26.47,20.02,14.07
1.48,0.06,0.47,27.15,25.64,17.37
1.39,0.0516,0.2,28.17,18.65,12.83
1.53,0.0522,0.32,27.52,15.5,10.84
1.52,0.056,0.43,27.4,20.5,14.16
1.34,0.0575,0.6,27.48,15.8,10.91
1.37,0.0594,0.53,28.07,14.68,10.21
1.52,0.0537,0.22,28.2,20.14,14.01
1.57,0.0532,0.2,27.91,18.78,13.1
1.56,0.0523,0.23,27.59,23.96,16.73
1.5,0.0507,0.26,27.26,21.36,14.95
1.44,0.0509,0.27,27.25,12.6,8.87
1.51,0.0534,0.32,27.59,21.36,15.06
1.5,0.0609,0.59,27.53,25.73,18.07
1.57,0.0553,0.43,27.5,19.28,13.43
1.15,0.0505,0.2,26.89,20.18,13.97
1.39,0.0517,0.25,26.62,18.11,12.66
1.46,0.0531,0.2,26.77,13.89,9.72
1.34,0.0501,0.19,26.94,20.78,14.3
1.61,0.0494,0.17,27.02,21.17,14.53
1.56,0.0511,0.3,26.87,18.51,12.73
1.32,0.0544,0.31,27.64,15.0,10.34
1.37,0.0542,0.25,27.87,20.51,13.9
1.25,0.0547,0.18,27.78,20.74,14.23
1.44,0.0563,0.19,27.47,13.82,9.66
1.42,0.0589,0.21,27.31,15.15,10.5
1.41,0.0586,0.18,27.08,17.02,11.91
1.55,0.0599,0.19,28.06,21.12,14.92
1.88,0.0596,0.19,28.24,23.17,16.5
1.75,0.0589,0.2,28.49,18.2,13.06
1.62,0.0597,0.21,28.8,17.31,12.41
1.11,0.058,0.32,28.49,15.18,10.89
1.21,0.0601,0.26,28.12,11.95,8.44
1.54,0.0562,0.22,28.32,25.59,18.0
1.48,0.0573,0.2,28.86,21.39,15.19
1.65,0.0593,0.2,29.02,11.31,8.1
1.46,0.059,0.16,29.08,21.41,15.36
1.34,0.0592,0.21,29.73,16.35,11.74
1.43,0.0576,0.22,29.83,12.56,9.03
1.44,0.0567,0.23,29.41,14.43,10.29
1.14,0.0553,0.21,29.14,13.36,9.52
1.31,0.056,0.19,28.63,12.38,8.8
1.46,0.0594,0.23,28.2,22.22,15.86
1.28,0.0583,0.24,27.41,32.33,23.38
1.51,0.0583,0.21,27.05,29.83,21.42
1.51,0.0535,0.21,26.75,21.65,15.26
1.56,0.0551,0.22,26.69,21.92,15.36
1.62,0.0535,0.23,26.73,25.42,17.67
1.59,0.052,0.23,27.24,27.72,19.04
1.49,0.0518,0.22,27.24,22.68,15.67
1.41,0.0524,0.35,27.02,21.19,14.4
1.45,0.0559,0.43,26.94,22.05,14.86
1.4,0.0564,0.36,27.22,18.72,12.56
1.5,0.0518,0.21,26.99,20.23,13.95
1.34,0.0535,0.21,26.75,28.0,19.32
1.3,0.0536,0.22,26.82,13.95,9.74
1.31,0.053,0.17,26.91,18.84,13.0
1.44,0.0616,0.23,27.68,16.22,11.33
1.53,0.0569,0.25,28.02,12.22,8.58
1.57,0.0659,0.39,28.34,23.74,16.53
1.4,0.0627,0.4,28.52,18.64,13.04
1.35,0.06,0.22,29.48,12.24,8.6
1.13,0.0589,0.29,29.15,16.86,11.7
1.3,0.0546,0.31,27.4,18.04,12.58
1.47,0.0594,0.19,28.41,10.81,7.62
1.43,0.0607,0.26,28.33,12.63,8.87
1.34,0.0611,0.23,28.56,13.49,9.53
1.49,0.0619,0.37,28.59,22.54,16.01
1.66,0.0611,0.2,28.46,21.97,15.57
1.67,0.0567,0.22,28.53,27.57,19.27
1.43,0.0595,0.24,28.75,28.44,19.7
1.69,0.0579,0.18,28.87,30.62,21.33
1.68,0.0537,0.17,28.34,21.83,15.25
1.6,0.0528,0.2,28.74,10.66,7.5
1.21,0.0536,0.28,28.61,14.99,10.43
1.71,0.0558,0.31,27.54,15.69,11.0
1.41,0.0517,0.16,26.88,15.89,11.06
1.71,0.0523,0.19,26.3,16.01,11.17
1.57,0.0536,0.3,26.43,26.36,18.05
1.32,0.0551,0.45,26.53,17.53,12.08
1.52,0.0518,0.19,26.41,18.2,12.64
1.59,0.0541,0.29,26.25,30.66,21.19
1.69,0.052,0.24,26.63,22.69,15.69
1.59,0.0512,0.19,26.84,17.33,12.06
1.26,0.0513,0.18,26.48,13.61,9.52
1.35,0.052,0.2,26.54,13.64,9.5
1.48,0.0536,0.2,26.61,13.6,9.46
1.35,0.0557,0.4,26.5,16.61,11.48
1.44,0.0566,0.3,26.43,26.06,18.03
1.71,0.0556,0.2,26.42,19.23,13.51
2.05,0.0576,0.22,26.51,25.09,17.7
2.08,0.0569,0.23,26.68,27.67,19.59
2.24,0.0571,0.39,26.61,40.48,28.58
1.88,0.0542,0.32,26.49,22.42,15.83
1.67,0.0551,0.28,26.59,22.62,15.86
1.34,0.0585,0.2,26.66,27.31,19.06
1.69,0.058,0.17,26.89,17.77,12.49
2.1,0.0614,0.25,26.87,15.19,10.73
1.62,0.0539,0.21,27.08,17.13,12.06
2.24,0.0526,0.17,26.65,26.51,18.51
1.89,0.0523,0.22,26.81,20.73,14.48
1.57,0.0524,0.21,27.06,31.97,21.88
1.73,0.0559,0.26,27.0,23.75,16.48
1.77,0.0613,0.25,26.89,28.43,19.86
1.87,0.061,0.18,27.23,27.67,19.47
1.65,0.0603,0.13,26.91,17.62,12.42
1.9,0.059,0.18,27.05,19.61,13.81
1.64,0.0638,0.25,26.59,20.13,14.14
1.72,0.0644,0.29,27.09,27.8,19.69
1.51,0.0606,0.41,28.33,15.89,11.31
1.51,0.0591,0.38,29.33,13.94,9.87
1.46,0.0592,0.51,29.6,19.84,13.84
1.47,0.0596,0.3,28.54,19.46,13.36
1.65,0.0583,0.28,27.04,19.39,13.28
1.55,0.0611,0.5,27.16,21.1,14.5
1.52,0.061,0.48,26.86,17.69,12.21
1.45,0.06,0.33,27.38,16.84,11.43
1.52,0.059,0.33,27.46,23.46,15.8
1.78,0.0588,0.33,27.33,20.84,14.39
1.34,0.061,0.25,26.53,21.09,14.52
1.61,0.0649,0.18,26.38,16.96,11.92
1.55,0.0627,0.19,26.67,15.32,10.83
1.73,0.0603,0.18,27.54,26.78,18.76
1.75,0.063,0.22,28.47,17.83,12.56
1.67,0.0663,0.17,29.19,13.57,9.57
1.8,0.0638,0.19,28.16,19.35,13.62
1.71,0.0652,0.23,29.34,20.18,14.22
1.8,0.065,0.24,30.58,19.87,14.06
1.64,0.0634,0.22,29.08,20.88,14.83
1.68,0.0586,0.21,27.17,18.86,13.38
1.77,0.0553,0.23,26.98,20.85,14.62
1.5,0.0574,0.32,27.08,21.58,14.85
1.44,0.061,0.46,27.51,17.86,12.2
1.62,0.0611,0.44,27.79,22.56,15.55
1.47,0.0624,0.22,28.49,14.97,10.43
1.51,0.0624,0.2,28.98,15.03,10.53
1.64,0.0638,0.19,29.1,25.22,17.61
1.61,0.0611,0.14,29.7,18.67,13.05
1.28,0.0677,0.13,29.61,14.02,9.71
1.28,0.063,0.16,28.67,16.61,11.45
1.66,0.0679,0.23,27.57,24.26,17.15
2.18,0.0634,0.18,26.6,27.2,19.33
2.0,0.0727,0.46,27.08,35.86,25.44
1.65,0.0766,0.39,28.38,30.51,21.48
1.61,0.0707,0.32,29.12,19.94,14.0
1.74,0.0616,0.43,29.03,26.53,18.25
1.52,0.0647,0.38,31.1,20.22,13.88
1.87,0.0656,0.5,32.0,27.82,19.13
1.78,0.0661,0.49,33.56,28.22,19.35
1.73,0.0711,0.48,32.91,19.34,13.39
1.69,0.0641,0.43,32.74,22.5,15.49
1.46,0.06,0.35,31.14,19.93,13.5
1.39,0.0606,0.38,28.57,18.55,12.49
1.58,0.0602,0.43,28.32,19.34,12.94
1.63,0.0634,0.46,28.69,20.31,13.49
1.79,0.0624,0.39,31.89,26.99,18.38
1.79,0.0672,0.57,31.1,32.16,21.85
1.75,0.0647,0.4,31.39,26.57,17.88
1.62,0.0593,0.36,28.13,22.52,15.3
1.59,0.0613,0.37,27.46,16.58,11.4
1.91,0.0645,0.42,27.9,26.26,18.22
2.17,0.0672,0.61,28.25,26.49,18.49
1.64,0.0659,0.81,27.71,21.35,14.87
1.76,0.0661,0.57,27.15,19.27,13.18
1.99,0.0684,0.45,27.61,22.24,15.34
2.01,0.0589,0.29,29.06,27.15,18.63
1.75,0.058,0.24,26.92,20.83,14.49
2.07,0.0631,0.66,26.58,21.91,15.19
2.07,0.0699,0.43,31.56,21.55,14.9
1.88,0.0699,0.38,35.89,25.8,17.85
1.61,0.0656,0.41,34.84,17.7,11.95
1.56,0.0689,0.45,32.59,23.44,15.41
1.37,0.0631,0.4,33.09,18.4,12.1
1.67,0.0672,0.53,31.91,19.47,12.92
2.24,0.0696,0.52,32.92,23.37,15.69
2.45,0.0684,0.42,34.61,24.21,16.39
2.0,0.0705,0.51,34.85,25.55,17.01
2.17,0.0763,0.45,36.02,23.67,15.96
1.94,0.0788,0.49,37.06,18.86,12.78
1.98,0.0767,0.44,36.95,25.08,17.29
1.9,0.0758,0.28,35.35,21.8,15.23
1.95,0.0715,0.17,33.79,20.89,14.67
2.29,0.0713,0.24,33.92,18.2,12.84
2.17,0.072,0.45,32.66,22.13,15.54
1.71,0.0721,0.54,31.43,21.22,14.87
1.59,0.0702,0.51,30.2,22.23,15.39
1.68,0.067,0.38,30.56,23.71,15.86
2.12,0.068,0.38,32.86,21.13,14.04
2.14,0.0682,0.4,33.27,28.26,18.46
1.64,0.0736,0.38,34.32,20.63,13.78
1.78,0.066,0.37,34.8,20.71,13.86
1.97,0.072,0.3,33.09,21.7,14.85
1.59,0.0753,0.2,31.79,19.44,13.45
1.63,0.0731,0.27,30.39,10.16,7.17
1.86,0.0648,0.51,29.6,18.1,12.76
1.65,0.0656,0.28,29.06,15.73,11.06
1.82,0.0702,0.37,33.65,24.3,17.02
1.48,0.0787,0.31,42.14,21.14,14.35
1.37,0.086,0.3,41.32,18.1,12.11
1.64,0.0853,0.29,41.29,18.78,12.93
2.07,0.0785,0.25,38.68,21.65,15.12
1.77,0.071,0.29,37.31,25.33,17.58
1.97,0.0687,0.5,36.29,31.99,22.04
