tave,pr,wind_speed,rh,solar_rad
26.08,7.35,1.56,82.56,78.62
26.16,0.0,2.81,86.12,165.86
26.65,0.0,0.36,82.75,199.85
26.56,3.67,1.33,80.25,223.21
26.6,11.02,0.76,78.99,199.03
26.16,5.98,1.0,84.0,175.57
26.38,2.99,0.14,81.36,194.05
25.74,2.99,2.5,84.72,72.1
25.84,11.97,3.2,81.51,142.57
26.42,0.0,2.92,79.45,206.02
26.71,0.0,1.5,80.57,214.87
26.77,0.0,1.78,78.97,195.85
26.45,11.41,2.62,80.21,168.62
25.15,30.41,2.43,85.62,85.87
25.3,11.41,2.52,80.71,71.91
25.88,1.99,1.74,80.56,161.39
26.15,0.0,0.6,81.66,169.52
25.52,7.98,1.32,83.25,155.72
26.03,0.0,1.9,77.97,232.4
26.36,1.99,2.34,81.83,144.94
26.0,5.55,3.86,78.66,119.34
25.44,8.45,3.72,81.36,62.47
26.02,3.7,2.26,75.78,181.56
26.58,0.0,1.11,78.76,211.04
26.62,0.0,1.2,81.64,220.59
26.94,0.0,1.33,81.06,214.15
26.69,0.0,1.35,79.9,197.94
26.74,0.0,2.04,77.16,232.01
26.71,6.51,2.46,79.92,202.68
26.93,0.0,4.24,71.45,263.27
25.73,9.76,3.71,74.69,126.37
26.99,0.0,2.67,71.56,220.94
26.36,6.93,1.31,82.24,164.41
26.23,6.07,0.34,82.37,166.69
27.09,0.0,0.32,79.2,244.25
27.08,12.13,0.59,80.95,235.82
26.91,25.67,1.3,82.47,228.89
26.7,9.78,2.29,81.16,103.31
27.16,0.0,0.95,78.31,240.12
27.37,0.0,0.45,79.48,192.4
27.06,0.0,0.49,79.29,254.73
27.13,7.73,1.6,77.59,242.7
26.45,7.73,3.0,81.35,139.62
26.95,0.0,1.2,80.61,196.08
26.31,7.73,2.04,86.64,165.93
26.88,0.0,1.38,84.37,214.47
27.16,0.0,0.87,81.34,249.48
26.83,0.0,1.42,77.87,217.56
26.57,7.74,3.54,78.83,183.09
26.71,0.0,1.83,77.42,230.59
26.85,0.0,0.65,79.21,265.88
26.83,0.0,0.52,75.72,276.82
27.11,0.0,2.26,74.74,277.04
27.14,0.0,3.67,77.8,238.53
25.77,21.12,3.96,86.35,124.43
26.02,0.0,0.6,83.06,205.67
26.75,0.0,1.01,80.71,244.09
27.08,2.49,1.22,79.3,250.4
26.73,5.97,0.77,81.51,195.43
26.87,0.0,0.94,79.39,231.53
26.77,6.65,1.12,80.42,194.73
26.94,6.65,0.56,78.79,249.28
27.28,0.0,2.25,78.38,246.03
27.48,0.0,1.91,73.13,279.2
27.53,0.0,2.94,75.4,253.42
27.49,0.0,3.31,74.12,242.69
27.65,0.0,3.03,71.52,250.23
27.69,0.0,3.15,68.31,281.04
27.32,0.0,2.8,71.76,269.7
27.23,0.0,2.24,74.75,239.96
27.53,0.0,1.92,73.26,275.64
27.25,4.45,2.99,72.61,244.09
27.83,0.0,3.69,68.39,212.53
27.64,0.0,1.26,76.83,254.32
28.05,0.0,1.07,73.93,262.14
27.69,4.64,2.61,74.47,256.01
27.7,0.0,2.17,74.23,246.59
26.02,13.91,2.66,81.51,129.42
26.9,0.0,0.92,75.38,187.28
27.23,0.0,1.89,75.42,191.54
27.19,0.0,2.06,74.8,232.68
27.22,0.0,2.22,74.92,204.23
27.43,0.0,3.85,73.54,254.93
28.07,0.0,2.94,72.61,277.1
26.96,13.19,4.39,77.19,171.7
28.05,0.0,1.88,68.76,264.14
28.63,0.0,1.62,67.65,290.7
28.52,0.0,1.53,69.07,313.75
28.42,0.0,1.54,71.79,297.59
28.18,0.0,1.31,70.76,271.98
28.65,0.0,0.96,65.9,278.17
28.4,13.46,1.35,71.12,287.55
27.77,6.28,0.88,73.65,284.95
27.25,0.0,0.78,79.0,247.72
26.52,0.0,0.84,79.55,217.19
27.54,0.0,1.26,72.35,279.89
27.71,0.0,1.21,71.12,265.07
27.78,0.0,1.14,74.07,227.98
27.55,0.0,1.6,81.47,229.59
27.47,0.0,1.22,77.32,224.42
27.28,22.62,1.02,80.0,183.67
27.58,0.0,0.92,78.7,273.09
27.86,0.0,0.84,77.93,262.11
27.98,0.0,1.5,76.93,245.43
27.55,39.58,2.14,78.57,188.28
26.4,26.58,2.33,82.1,86.06
27.19,8.86,0.88,82.19,235.74
26.66,8.86,0.26,85.92,107.83
27.17,8.86,0.68,79.75,220.2
26.81,20.25,1.32,80.48,140.1
27.87,0.0,1.14,77.29,273.11
27.99,3.51,1.07,77.48,261.65
27.8,0.0,1.05,78.51,252.33
28.16,0.0,0.85,76.67,273.75
28.22,21.44,0.94,76.34,268.02
28.03,13.73,0.87,76.55,243.28
27.35,6.87,1.13,79.73,216.85
27.9,0.0,1.25,75.74,237.77
28.04,0.0,0.65,74.72,253.97
28.5,6.87,1.27,72.2,285.3
27.65,15.6,1.33,78.24,196.58
27.48,0.0,1.52,78.94,180.12
27.86,15.6,1.01,77.55,205.89
27.81,15.6,0.78,78.52,210.49
27.5,0.0,0.84,79.64,250.98
27.77,8.19,1.08,80.12,259.34
27.64,32.74,0.88,80.14,267.67
27.16,9.35,0.68,84.2,179.47
26.99,16.37,0.65,80.18,274.41
27.24,8.19,0.55,81.79,221.15
27.97,0.0,0.84,75.9,265.93
27.94,9.59,0.71,76.35,265.12
27.82,9.59,1.51,81.06,259.49
27.56,14.38,1.47,82.5,249.07
27.11,0.0,2.07,84.23,220.44
27.39,6.61,1.07,82.06,218.09
27.53,7.56,1.16,79.78,241.65
27.19,13.23,1.03,82.43,214.2
27.36,19.84,1.18,81.38,221.21
27.04,19.84,1.59,83.48,200.74
27.83,0.0,1.93,78.35,234.63
27.82,0.0,2.14,81.04,249.36
28.22,0.0,1.07,77.55,271.78
27.83,26.89,1.21,79.14,233.64
27.13,13.45,1.18,85.25,171.17
28.29,0.0,0.86,77.71,253.45
27.77,0.0,0.87,79.36,199.12
26.89,55.07,0.84,83.38,157.96
27.63,0.0,0.51,80.08,199.02
26.97,0.0,0.53,79.51,186.59
27.35,0.0,0.75,80.1,214.33
27.31,14.25,0.29,80.23,223.75
27.2,12.21,1.33,78.37,101.12
27.74,3.56,1.42,73.83,181.78
28.09,7.12,0.63,76.87,245.33
27.64,10.69,1.19,78.94,161.84
27.51,0.0,1.14,77.61,145.86
28.61,2.93,1.9,75.5,246.83
28.41,0.0,3.72,78.07,257.1
28.46,5.87,3.51,79.2,256.71
28.17,0.0,3.1,79.31,255.92
27.75,0.0,2.61,81.42,253.69
28.03,0.0,1.66,80.99,259.43
27.71,0.0,1.14,81.08,222.53
27.72,0.0,1.22,77.2,200.77
27.46,16.92,1.77,80.83,249.48
27.1,0.0,0.64,81.2,108.39
26.95,0.0,1.43,79.78,143.18
27.59,3.69,0.98,79.4,237.93
27.24,11.07,1.77,79.98,250.54
26.53,3.69,1.3,83.8,200.68
25.97,0.0,0.91,85.89,151.7
26.85,11.9,0.24,78.92,198.74
26.92,0.0,1.25,78.77,228.34
27.16,0.0,1.59,79.44,246.46
27.05,0.0,1.67,82.61,233.25
26.74,0.0,1.96,82.47,222.18
27.65,0.0,1.45,76.07,240.18
27.7,16.73,1.38,76.62,263.39
27.4,0.0,2.07,78.85,244.06
26.95,0.0,1.56,82.16,236.24
27.01,0.0,1.81,79.11,246.69
26.82,0.0,1.38,80.04,191.6
27.15,5.97,0.52,77.21,221.19
26.8,5.97,0.18,79.19,214.53
26.36,11.93,0.22,81.6,168.09
27.16,16.79,0.22,79.75,201.6
27.6,5.6,0.14,76.59,250.88
28.11,0.0,1.31,74.23,244.99
28.18,5.6,1.84,76.19,248.08
27.69,27.99,1.39,81.11,184.47
27.32,12.51,0.88,83.22,173.62
26.08,8.34,1.04,85.7,59.87
27.37,4.17,0.87,68.5,117.26
28.29,8.34,1.12,71.62,220.35
27.76,20.85,0.04,75.36,211.1
27.26,0.0,1.48,78.13,186.07
27.6,0.0,2.74,78.77,197.83
28.04,0.0,3.51,79.98,271.88
28.01,0.0,2.34,80.0,282.59
27.89,0.0,2.54,80.78,249.55
27.95,0.0,1.94,79.41,243.78
27.64,24.72,1.15,80.51,164.63
27.55,0.0,0.34,73.39,134.28
28.28,0.0,0.45,70.73,231.02
28.46,0.0,0.68,75.33,260.83
28.32,0.0,0.93,74.42,221.52
28.59,0.0,1.53,76.39,278.61
28.47,0.0,1.81,77.72,286.78
28.14,18.27,1.39,77.9,261.65
28.14,18.27,0.91,77.83,241.03
27.38,18.27,1.6,80.28,217.0
27.49,4.24,1.47,77.24,226.48
26.8,18.54,2.27,81.22,120.31
26.73,7.42,0.48,78.79,170.66
27.54,0.0,1.74,74.88,208.17
27.86,0.0,2.42,73.07,192.34
27.62,2.41,2.68,74.8,242.07
27.86,0.0,2.97,74.59,206.53
28.03,0.0,3.46,76.63,251.16
28.04,2.41,2.19,78.08,260.03
27.97,2.41,1.93,80.44,240.75
28.41,0.0,1.16,75.18,237.31
28.68,0.0,1.78,72.55,249.86
28.57,0.0,2.58,72.58,268.36
28.72,0.0,2.67,73.2,279.41
29.01,0.0,1.48,72.19,239.01
28.94,4.44,0.53,68.66,178.4
28.46,6.76,0.68,70.13,202.29
28.36,17.67,2.11,71.43,238.95
27.55,10.13,2.22,77.97,215.32
27.85,7.9,2.52,79.04,259.56
27.68,23.67,2.74,78.7,262.84
27.47,7.89,3.02,79.8,259.96
26.82,9.02,1.69,84.59,234.87
26.54,7.89,1.11,84.26,155.78
26.59,15.78,0.5,83.11,121.74
26.8,6.32,1.11,79.49,202.04
27.12,6.32,1.53,77.04,243.62
27.21,0.0,0.96,80.19,269.04
26.97,12.65,0.53,79.42,258.42
26.69,6.32,0.21,80.35,209.5
27.24,0.0,0.49,78.97,258.31
27.69,0.0,0.69,77.15,271.38
27.48,0.0,1.19,77.0,230.25
27.52,0.0,0.55,73.48,182.09
27.85,14.04,0.19,69.81,200.74
28.11,0.0,0.19,69.66,249.74
28.05,0.0,1.05,74.22,250.55
28.22,0.0,1.14,75.25,268.18
27.08,25.21,0.72,76.65,227.6
26.6,25.21,0.4,81.39,176.05
26.99,8.4,0.53,82.16,272.26
27.12,5.15,1.14,80.49,189.79
27.46,9.01,0.8,73.0,195.89
26.95,9.01,1.42,75.31,137.94
27.23,0.0,3.55,73.27,153.67
27.56,0.0,4.31,75.79,224.68
27.55,0.0,2.43,77.35,235.64
27.31,13.53,0.72,76.82,216.8
26.95,13.53,0.91,79.61,250.94
27.52,15.46,0.28,79.9,237.12
27.02,13.53,0.97,79.82,163.22
27.18,14.49,0.66,77.17,226.31
27.42,14.49,0.51,77.1,243.46
27.32,7.24,0.49,76.62,235.24
27.76,0.0,0.11,75.11,252.9
28.07,0.0,0.23,73.56,252.53
28.22,0.0,0.5,71.75,254.22
28.22,0.0,1.27,73.6,260.37
28.26,0.0,1.6,77.55,271.71
27.95,0.0,2.04,80.06,275.8
27.78,11.45,1.48,81.84,265.99
27.71,0.0,1.42,81.38,215.26
27.72,19.79,1.53,80.91,223.94
27.53,7.92,2.41,81.82,272.21
27.17,3.96,1.62,83.29,226.14
27.33,11.87,1.76,83.52,234.56
27.58,7.43,0.88,80.34,255.99
27.75,0.0,0.87,79.26,262.81
27.86,0.0,1.11,79.51,248.98
27.81,0.0,1.23,77.91,252.46
27.92,0.0,1.35,77.13,258.82
28.18,0.0,1.0,76.3,259.59
28.11,0.0,1.13,76.12,243.45
27.09,4.06,0.88,79.97,233.84
27.14,12.19,0.81,81.11,231.13
27.17,16.26,0.42,79.91,216.78
26.59,8.61,0.43,81.4,139.97
26.97,5.74,0.47,79.8,201.33
26.78,2.87,0.5,84.82,216.19
26.84,2.87,0.42,81.06,234.06
27.06,5.74,0.35,79.7,221.27
26.95,5.45,0.57,80.66,210.56
26.58,5.45,0.9,82.74,183.25
27.17,0.0,0.54,79.66,249.28
27.11,5.45,0.87,80.54,240.3
27.58,5.45,0.71,74.54,222.46
27.6,0.0,0.16,76.18,227.12
27.9,0.0,0.41,78.38,254.42
27.71,0.0,0.55,77.32,266.35
27.86,0.0,1.21,77.52,256.52
27.81,18.61,1.86,78.29,247.8
27.28,0.0,1.58,82.91,219.88
27.44,0.0,0.82,81.53,229.47
27.56,0.0,0.95,78.53,227.8
27.1,0.0,1.43,80.15,199.78
27.34,9.42,1.57,77.82,203.96
27.18,4.71,0.84,79.75,189.83
27.28,0.0,1.08,79.01,234.95
27.81,0.0,3.4,75.94,238.03
27.57,0.0,2.8,73.47,219.28
27.56,0.0,1.92,75.12,221.46
27.68,7.39,3.11,75.93,216.95
27.62,8.77,3.58,74.65,149.36
26.84,8.77,2.49,80.44,120.66
25.97,8.77,0.62,85.87,109.63
26.35,0.0,0.75,83.27,122.86
26.99,4.38,0.63,80.98,188.4
27.52,0.0,1.58,76.46,218.88
27.41,0.0,2.39,76.13,226.37
27.79,6.85,3.15,70.82,239.69
26.08,10.27,4.06,77.35,57.23
26.75,0.0,1.37,71.36,239.66
27.38,0.0,2.06,78.17,250.47
27.46,9.12,0.91,80.17,240.01
27.43,18.23,0.98,79.23,253.12
27.59,0.0,0.64,78.08,236.75
27.68,9.12,1.67,72.02,236.94
27.53,0.0,1.71,73.15,180.75
27.59,0.0,1.19,75.76,210.56
27.45,0.0,1.82,77.53,212.66
27.67,0.0,2.42,75.56,226.04
27.47,0.0,2.88,73.51,220.47
27.03,0.0,2.1,78.79,184.41
27.08,0.0,1.64,79.12,184.67
27.38,0.0,0.63,74.94,241.76
27.39,7.41,1.08,74.27,197.93
27.49,0.0,2.15,77.0,195.14
27.72,0.0,2.12,76.64,228.15
27.87,0.0,2.17,75.46,235.38
27.14,17.53,2.61,78.03,170.01
27.28,0.0,2.02,77.74,212.11
27.67,0.0,1.94,74.46,237.11
27.64,0.0,2.8,74.87,218.3
27.62,0.0,2.76,76.19,211.71
27.88,0.0,3.05,72.64,228.18
27.68,0.0,3.1,76.06,218.41
27.95,0.0,2.86,75.03,228.03
27.27,3.43,3.52,77.8,156.1
27.41,3.43,2.12,78.28,195.88
27.61,6.86,2.96,74.17,202.61
27.2,27.44,4.18,74.7,148.82
26.39,0.0,1.05,81.35,84.04
27.01,3.42,1.83,78.99,206.93
27.3,7.02,1.61,79.2,135.27
27.04,3.11,1.09,79.62,163.92
26.78,5.28,1.87,80.41,132.56
27.28,2.91,1.85,77.11,210.33
27.76,0.0,1.48,73.76,213.06
28.0,0.0,1.77,69.36,224.57
27.91,0.0,0.85,68.14,220.62
28.13,3.74,0.92,74.88,201.43
27.05,0.0,1.46,79.87,210.77
27.17,3.74,1.33,77.42,225.34
27.35,0.0,2.94,75.9,237.57
27.18,0.0,2.56,77.62,218.22
27.36,0.0,3.82,73.01,206.84
27.28,0.0,2.36,76.62,235.89
26.92,0.0,3.54,76.62,211.5
26.5,1.42,3.43,80.0,172.98
26.79,0.0,4.01,72.84,236.93
26.35,0.0,4.24,70.84,190.74
26.6,0.0,3.86,71.33,220.81
26.5,1.06,3.4,75.85,161.53
24.74,37.83,3.88,89.06,31.4
25.53,0.0,3.4,83.2,114.07
25.42,0.0,2.72,81.59,69.95
26.25,0.0,3.98,77.98,213.03
26.11,0.0,3.81,76.15,223.35
25.6,0.0,3.55,78.48,180.59
26.19,0.0,4.05,76.53,225.76
26.06,3.05,4.67,71.73,210.39
26.01,3.05,3.95,77.43,199.01
25.23,3.05,2.63,84.83,39.44
26.96,6.43,1.03,82.11,237.15
26.58,7.34,0.76,85.65,197.7
26.07,0.0,0.87,86.67,60.5
26.48,0.0,0.45,85.01,175.68
26.84,0.0,2.16,80.61,208.71
25.69,0.0,3.03,86.98,104.35
24.76,0.0,5.98,80.45,142.54
25.33,0.0,5.44,76.21,189.95
24.85,11.92,5.28,79.59,134.44
24.91,23.84,5.09,78.37,144.17
25.79,0.0,2.88,83.2,152.95
26.07,0.0,4.55,75.55,241.58
25.93,8.66,3.6,72.48,263.84
25.58,0.0,3.01,82.33,152.53
25.64,0.0,3.82,83.2,173.14
25.67,0.0,2.07,82.23,122.85
26.06,0.0,3.13,76.1,202.88
25.85,0.0,2.56,74.63,244.3
26.26,0.0,2.53,74.89,266.48
25.99,0.0,1.76,80.34,248.72
26.16,0.0,2.07,79.43,241.64
25.76,0.0,3.99,79.31,210.05
25.69,8.09,3.95,68.71,269.34
25.68,0.0,3.18,73.01,211.95
25.73,0.0,0.8,74.89,273.98
25.97,0.0,0.4,75.41,283.47
25.17,0.0,2.43,84.27,144.89
25.73,0.0,2.36,75.81,253.47
25.97,0.0,2.57,74.03,280.58
25.83,0.0,2.59,78.27,219.05
26.32,0.0,3.33,72.46,274.62
26.21,0.0,3.42,72.3,246.56
26.55,0.0,2.47,66.32,292.12
26.59,0.0,2.43,71.22,301.8
26.48,0.0,2.81,74.85,245.42
26.18,0.0,1.85,71.44,267.5
25.76,0.0,1.61,69.19,287.11
25.87,0.0,2.2,61.23,307.57
26.61,0.0,1.96,64.19,281.84
27.19,0.0,2.84,75.1,252.57
26.75,0.0,2.89,72.55,198.12
26.73,0.0,1.04,78.06,282.78
27.26,0.0,1.58,71.94,276.6
26.85,0.0,1.86,75.72,237.43
27.14,0.0,2.94,70.68,248.82
26.29,0.0,2.35,77.33,164.6
26.77,0.0,2.51,70.15,280.97
27.05,0.0,2.06,75.08,255.8
27.0,9.06,1.27,74.05,253.24
27.19,2.45,1.44,72.62,227.72
26.84,0.0,1.15,76.74,274.64
26.93,0.0,2.38,72.82,271.91
25.87,2.45,2.85,74.96,119.21
26.52,0.0,2.44,76.07,241.73
27.16,0.0,4.32,67.88,286.36
26.72,0.0,3.53,75.67,174.78
26.17,48.83,4.57,78.92,126.45
25.35,0.0,2.69,88.96,81.13
26.22,0.0,1.22,82.07,224.6
26.63,0.0,1.63,74.82,275.32
26.51,0.0,1.07,77.07,302.96
26.91,0.0,1.45,77.02,277.39
26.5,0.0,2.51,74.97,234.47
26.58,0.0,2.07,71.17,289.24
26.79,0.0,1.62,67.93,292.28
26.81,22.18,1.82,77.58,239.54
26.49,0.0,2.0,80.89,169.41
27.01,0.0,0.93,76.1,236.66
26.97,0.0,1.68,71.92,286.07
26.85,0.0,2.43,67.87,292.96
26.7,0.0,3.0,69.8,237.09
27.15,0.0,2.12,74.79,240.18
27.13,0.0,1.81,74.15,204.61
27.84,0.0,1.96,71.1,266.59
27.34,0.0,2.29,74.56,235.15
27.62,13.01,1.43,79.3,217.71
27.71,0.0,2.91,76.36,147.65
27.44,39.04,2.34,79.57,157.48
27.09,26.03,1.19,81.76,182.68
26.78,0.0,1.87,85.11,208.2
27.23,0.0,1.38,83.97,250.49
27.66,0.0,1.06,83.16,268.62
27.72,0.0,1.1,78.26,278.82
27.14,0.0,1.19,76.98,267.96
27.59,0.0,1.08,76.31,269.88
27.65,0.0,1.08,77.65,297.08
27.38,0.0,1.07,76.94,301.43
27.56,0.0,1.44,78.01,275.66
27.73,0.0,1.53,77.38,268.13
27.83,0.0,1.03,76.03,256.61
27.66,5.62,1.23,78.91,202.93
27.71,3.14,1.7,76.62,214.42
27.72,0.06,1.25,74.49,232.73
28.02,1.14,2.58,69.16,243.98
27.63,5.82,1.64,76.31,207.56
27.82,0.0,1.18,76.97,247.24
27.91,0.0,2.41,72.46,258.28
27.9,0.0,1.51,74.3,254.75
27.94,0.0,1.47,76.18,269.97
27.89,0.0,1.34,77.12,223.84
27.02,14.77,1.35,83.43,220.12
26.72,0.0,1.5,84.9,191.19
26.99,0.0,1.51,82.77,242.57
27.64,0.0,0.97,84.44,278.52
27.69,0.0,1.42,83.67,277.34
27.92,0.0,1.64,82.6,290.15
28.16,0.0,0.77,80.94,285.16
28.59,6.52,0.83,80.32,289.36
28.44,0.0,0.89,80.99,241.88
27.94,6.52,0.23,80.09,246.99
27.58,0.0,0.66,80.19,202.96
27.7,0.0,1.0,80.77,244.49
27.88,18.04,1.1,81.99,247.87
27.61,0.0,1.74,83.26,235.26
27.83,0.0,1.11,82.16,257.61
28.06,0.0,1.5,81.44,263.07
27.41,22.63,0.69,85.62,216.94
27.54,0.0,0.6,83.91,236.1
28.16,0.0,0.4,79.51,257.87
28.28,0.0,0.74,78.25,267.55
28.25,12.73,0.44,80.84,263.91
28.24,12.73,0.36,82.54,239.43
27.9,12.73,0.99,82.3,258.44
28.01,25.47,0.39,80.19,228.26
27.99,6.97,1.45,80.62,264.39
27.73,5.32,2.2,81.57,232.67
27.73,0.0,1.79,82.51,240.76
27.69,0.0,1.56,81.82,265.12
27.98,5.06,1.01,77.1,254.02
27.26,8.86,1.28,83.45,213.63
27.34,0.0,1.12,80.56,193.61
27.22,20.16,0.71,81.12,201.7
27.04,6.72,0.98,82.62,178.51
26.62,13.44,0.72,84.13,178.86
26.76,20.16,0.47,81.44,177.95
27.12,6.72,0.66,78.9,177.02
27.59,0.0,0.43,78.26,225.37
27.77,6.97,0.81,78.97,220.24
27.56,13.94,1.58,82.31,212.1
27.46,0.0,1.98,82.74,156.76
27.63,13.94,1.39,81.8,209.0
27.84,1.84,1.1,83.18,182.03
27.76,5.8,2.17,82.65,193.72
27.94,4.34,2.03,81.92,234.64
27.35,4.35,1.81,81.97,178.07
28.11,12.57,0.58,78.82,198.43
27.78,0.0,0.88,81.72,202.49
27.32,0.0,0.62,82.63,191.25
27.47,0.0,1.12,80.89,245.85
27.72,0.0,1.55,80.44,217.66
27.75,0.0,1.38,79.91,193.86
26.98,0.0,0.64,83.61,148.96
27.17,17.46,0.56,83.25,241.8
27.04,30.56,1.67,82.77,195.09
27.55,0.0,1.05,82.56,185.79
27.94,0.0,1.19,79.25,233.21
27.54,12.22,1.05,82.42,216.58
27.53,12.22,1.04,81.45,186.84
27.82,12.22,0.88,81.52,177.97
27.42,12.22,1.57,83.46,158.69
27.32,0.0,2.5,82.55,187.37
27.09,6.76,2.36,81.99,195.28
26.3,23.18,1.05,88.73,182.85
26.11,6.76,0.21,82.58,175.88
26.05,0.0,1.13,83.78,96.36
26.55,0.0,1.76,83.49,155.05
26.68,4.71,1.89,82.49,139.42
27.25,4.12,3.06,82.13,250.75
26.71,12.36,2.04,83.53,228.04
26.4,4.12,1.23,83.16,127.72
26.55,0.0,0.42,80.12,120.63
26.72,4.45,0.38,80.43,198.02
26.28,4.45,0.91,84.29,184.11
26.45,17.79,0.67,82.68,137.05
26.06,13.34,1.38,84.38,85.13
26.87,0.0,1.65,77.34,192.08
27.48,2.77,4.0,75.32,201.08
27.56,5.55,4.17,78.8,241.08
27.07,0.0,3.34,83.54,248.2
27.2,0.0,2.12,83.7,243.87
27.41,0.0,1.41,80.21,248.95
27.51,8.67,1.47,77.78,226.77
27.14,8.67,1.48,79.06,233.13
26.58,26.02,0.96,82.36,169.29
26.33,8.67,1.79,83.73,132.15
27.26,9.91,0.77,78.75,244.99
27.43,10.24,0.43,79.27,231.55
27.31,3.41,0.45,80.52,193.47
26.5,13.65,1.28,84.39,170.65
26.69,0.0,0.67,79.82,106.2
26.96,10.24,0.53,80.03,208.25
27.01,6.83,0.22,80.49,149.95
27.54,5.15,0.87,79.95,200.79
27.43,2.58,0.77,80.58,165.78
27.51,2.58,1.48,76.0,187.92
27.78,0.0,3.21,75.69,225.64
27.79,0.0,4.23,74.48,212.68
27.79,0.0,3.59,74.92,185.47
28.08,0.0,3.76,75.92,244.84
27.94,0.0,4.84,77.68,269.98
27.56,0.0,3.89,81.53,265.77
27.46,0.0,3.43,82.3,299.28
27.48,0.0,2.89,81.9,290.56
27.66,5.02,3.09,79.44,292.96
27.51,0.0,2.85,80.27,270.03
27.52,0.0,3.06,82.31,274.07
27.24,0.0,3.07,82.09,241.85
27.39,0.0,2.54,79.83,248.49
26.46,13.21,1.16,85.2,208.83
26.8,6.61,0.84,83.26,225.41
27.31,19.82,0.58,81.8,236.98
27.27,13.21,1.07,80.79,182.56
27.06,7.64,1.02,78.86,152.93
27.78,0.0,2.56,74.4,238.6
27.71,0.0,3.34,75.71,271.2
27.57,0.0,2.41,79.67,278.65
27.29,7.64,0.7,82.41,240.79
27.45,12.44,0.25,81.89,229.74
27.67,0.0,1.49,77.94,207.69
27.46,0.0,3.68,78.97,187.35
27.22,0.0,2.46,80.42,282.24
26.67,37.33,1.05,84.85,257.63
26.04,37.33,0.84,87.74,136.72
26.35,0.0,0.27,84.66,87.79
26.85,0.0,2.5,81.96,250.95
26.67,20.12,1.11,83.31,254.35
26.85,0.0,1.22,83.44,213.03
27.0,20.12,1.05,84.5,185.93
27.52,16.51,1.2,82.77,205.54
27.66,0.0,0.95,82.42,238.42
27.8,0.0,1.57,81.96,281.33
28.12,0.0,0.67,77.22,181.12
28.5,0.0,0.65,71.45,201.43
28.56,0.0,0.44,69.53,241.17
27.83,24.27,3.3,68.74,154.38
27.79,0.0,4.93,72.46,142.45
27.84,0.0,4.02,74.63,208.0
27.73,0.0,3.09,76.05,299.35
27.38,0.0,3.31,77.46,298.07
27.45,0.0,4.38,78.27,293.46
27.29,0.0,4.11,78.04,287.35
27.34,0.0,2.79,80.41,297.66
27.42,0.0,2.41,81.74,284.62
27.24,0.0,2.67,82.24,261.33
27.44,0.0,2.08,80.14,265.94
27.52,0.0,2.17,80.84,273.01
27.58,0.0,1.63,80.07,276.62
27.67,0.0,2.05,80.81,264.71
27.91,0.0,2.23,79.92,259.99
27.97,0.0,1.78,79.66,274.03
27.67,9.32,1.97,80.16,238.54
27.32,4.66,2.18,78.92,236.71
27.2,0.0,2.66,80.81,210.1
27.05,8.03,2.46,81.33,198.28
27.15,0.0,1.45,79.1,222.12
27.48,16.06,1.03,79.29,269.45
26.98,8.03,0.42,78.8,181.9
27.18,0.0,0.6,79.52,207.53
27.12,7.37,0.77,80.6,255.46
27.6,0.0,1.38,79.39,257.41
27.77,14.74,0.47,78.74,227.88
28.27,22.11,1.17,74.45,281.65
27.96,7.37,0.86,77.82,261.58
27.98,10.52,0.9,74.56,261.8
27.09,3.51,0.9,83.57,245.64
26.62,7.01,0.28,84.35,219.86
26.79,0.0,0.4,81.52,211.32
26.92,10.52,0.57,81.05,219.03
27.19,0.0,1.11,80.07,234.74
27.56,0.0,1.6,77.88,231.2
27.71,0.0,0.98,79.73,258.75
27.65,0.0,1.43,81.06,232.1
27.59,18.41,1.34,80.4,230.66
27.51,0.0,1.32,80.58,231.88
27.46,5.41,1.6,81.75,215.02
27.42,5.41,1.79,80.8,232.0
27.34,5.41,1.28,80.28,226.59
27.5,0.0,0.99,77.48,230.6
27.36,18.3,1.52,77.26,210.0
26.7,6.97,1.5,78.11,182.13
27.03,0.0,2.52,81.06,204.49
26.91,6.1,0.67,83.27,221.5
26.33,6.1,0.98,82.52,176.11
26.74,6.1,1.17,78.6,158.36
27.43,5.0,0.34,77.98,221.16
27.56,0.0,0.84,78.98,223.14
28.2,5.0,0.24,76.63,238.03
28.1,5.0,0.78,78.87,245.47
27.93,0.0,0.55,73.68,171.15
28.32,0.0,0.26,69.24,224.73
28.86,0.0,0.84,66.02,177.02
28.32,9.28,1.03,72.08,252.89
27.59,0.0,0.49,78.53,248.25
27.65,15.91,0.62,78.05,253.09
27.76,4.07,1.05,76.07,237.96
27.47,1.73,0.55,74.74,175.16
27.57,2.51,0.81,79.6,239.83
27.99,0.56,0.59,79.95,252.55
28.56,0.21,0.61,73.07,268.52
28.62,0.0,0.86,71.16,274.71
28.62,0.0,0.8,72.24,260.51
28.23,0.0,0.93,75.98,228.37
27.36,23.06,0.34,79.81,200.44
27.24,0.0,0.25,80.47,193.35
27.36,0.0,1.04,80.28,215.29
27.06,6.19,0.85,81.95,172.94
27.54,0.0,0.92,77.58,218.59
26.93,6.19,1.69,79.56,196.98
27.31,0.0,1.07,77.79,179.73
27.52,0.0,1.09,76.63,209.58
26.87,7.77,1.53,80.36,150.33
28.19,0.0,1.63,73.72,233.18
28.15,3.4,2.23,73.03,186.23
28.37,0.0,3.85,67.64,244.31
28.12,6.92,1.16,68.26,240.35
28.58,6.92,0.6,71.11,239.29
28.54,0.0,1.14,70.11,252.18
28.4,0.0,0.78,75.22,237.13
27.63,3.95,0.83,80.45,233.1
27.61,0.0,0.74,80.06,224.63
27.94,0.0,1.09,78.17,223.68
27.95,0.0,1.0,76.25,215.14
27.77,8.06,0.69,78.03,224.57
27.07,8.06,0.93,81.16,164.73
27.43,0.0,1.48,75.84,216.9
26.96,0.0,2.88,75.05,182.77
26.64,4.57,3.32,78.95,172.36
26.83,11.43,3.11,79.18,190.14
26.41,9.15,2.54,80.32,162.75
26.59,11.5,3.03,80.27,193.79
26.07,15.33,3.47,84.52,132.92
26.91,0.0,2.61,75.46,215.23
26.79,0.0,3.97,75.01,213.09
26.79,3.83,2.81,78.82,195.42
25.64,1.9,3.43,84.87,44.73
26.4,0.95,3.15,81.13,127.78
27.23,0.0,2.17,74.29,207.87
27.34,0.95,0.6,80.42,227.4
26.82,0.0,1.94,87.74,196.01
27.05,0.0,1.21,85.78,205.5
27.11,0.0,0.7,81.76,201.13
27.0,0.0,2.01,80.43,209.24
26.54,0.0,2.77,76.34,216.03
27.2,5.63,3.32,70.67,231.4
27.19,0.0,3.74,74.23,174.05
27.08,5.65,3.97,77.48,199.9
26.03,33.88,4.62,84.01,103.8
26.41,0.0,4.13,77.38,92.97
26.51,0.0,3.47,76.53,209.59
26.47,0.0,2.7,78.8,222.46
26.35,0.0,3.38,78.9,159.29
25.98,26.18,2.54,81.25,147.04
26.5,8.73,3.25,77.25,226.71
25.97,8.73,2.16,82.74,148.01
26.93,0.0,2.8,77.37,229.9
27.07,0.0,2.42,79.11,205.3
26.95,9.98,2.42,79.29,209.88
27.2,0.0,1.27,77.17,184.65
27.29,0.0,0.7,78.45,187.92
27.76,0.0,0.78,79.24,232.35
27.34,0.0,0.78,83.65,197.01
26.81,0.0,0.59,82.0,231.11
26.69,0.0,0.79,78.1,248.57
27.09,0.0,1.26,74.35,259.69
26.6,0.0,2.25,78.7,210.22
26.59,0.0,4.87,71.92,236.8
26.07,0.0,3.74,71.96,225.27
26.59,0.0,2.58,79.77,214.51
27.32,0.0,1.2,79.98,210.11
26.8,0.0,1.33,85.8,187.47
27.24,0.0,0.89,82.19,207.76
27.36,0.0,1.29,83.24,211.77
27.62,0.0,0.93,81.76,230.74
27.42,0.0,0.58,81.51,228.33
27.42,0.0,1.09,77.44,243.53
27.64,0.0,2.11,72.23,248.54
27.25,0.0,4.46,72.35,252.65
26.72,0.0,5.71,71.14,217.76
26.6,0.0,5.82,66.61,234.78
26.77,0.0,4.17,65.58,267.71
27.63,0.0,3.06,68.19,260.48
27.24,3.2,2.12,77.51,174.16
27.22,7.32,0.61,82.08,204.84
26.7,0.0,0.75,81.68,188.74
27.15,0.0,2.94,69.97,257.88
26.55,6.41,3.57,73.77,228.05
26.51,0.0,5.03,74.44,242.27
26.62,4.08,3.18,72.33,237.88
25.63,20.38,1.94,82.9,102.79
26.54,0.0,2.96,80.19,190.92
26.97,0.0,2.16,75.53,253.58
26.73,0.0,2.02,73.9,237.63
26.63,0.0,2.29,78.92,237.33
26.86,0.0,4.31,71.58,258.95
26.47,0.0,3.7,72.77,229.33
26.78,0.0,4.02,70.82,263.68
26.55,0.0,4.04,70.23,242.4
26.72,0.0,4.09,69.85,222.62
27.21,0.0,3.9,67.06,273.36
27.09,0.0,3.08,76.31,215.93
26.8,0.0,1.99,77.78,232.73
27.29,0.0,2.47,71.62,288.14
27.09,0.0,3.07,75.34,260.95
27.06,0.0,2.78,76.61,199.35
26.61,0.0,4.07,78.64,148.73
26.93,0.0,2.54,75.23,217.08
26.66,0.0,2.41,79.88,199.52
26.96,0.0,3.05,70.39,283.02
27.76,0.0,3.14,68.01,257.89
27.32,19.57,2.36,78.24,165.68
26.37,0.0,0.69,83.44,109.71
27.01,0.0,2.3,83.8,218.56
27.17,14.29,1.96,84.37,237.03
27.27,0.0,0.74,78.36,262.99
27.01,0.0,1.05,76.79,264.16
27.48,0.0,1.76,66.39,317.05
27.8,0.0,2.11,70.2,291.18
27.74,0.0,1.42,71.88,292.33
27.44,0.0,2.14,71.51,277.23
27.5,0.0,2.47,70.27,273.34
27.33,0.0,3.1,68.89,261.55
26.92,0.0,2.13,75.68,255.46
26.76,0.0,1.16,75.36,243.41
27.23,0.0,0.87,74.63,283.56
27.85,0.0,1.43,71.21,294.26
27.18,16.77,1.93,79.54,222.97
27.0,0.0,1.04,79.52,243.5
27.17,0.0,1.83,77.95,231.27
26.66,19.16,2.24,77.18,164.39
27.52,0.0,2.68,69.06,278.07
27.15,0.0,2.71,75.18,200.75
27.54,0.0,2.48,75.45,251.76
27.36,0.0,1.69,77.15,178.42
27.75,0.0,1.73,71.77,269.46
27.62,0.0,1.52,72.05,227.65
27.91,0.0,1.26,73.99,295.12
27.62,0.0,1.42,70.14,307.77
27.92,7.2,1.7,74.63,263.58
27.73,0.0,1.85,74.4,260.33
27.7,0.0,1.63,73.85,282.94
27.53,0.0,1.77,74.13,255.61
27.83,0.0,1.61,72.59,291.69
27.93,0.0,1.11,73.5,307.2
28.24,0.0,1.11,71.55,306.57
27.53,0.0,1.26,78.03,244.17
27.65,0.0,1.14,74.91,275.04
27.6,0.0,1.66,72.28,297.77
27.64,0.0,1.22,72.79,293.98
27.56,0.0,2.16,78.92,300.57
27.89,0.0,1.19,75.15,307.89
27.91,0.0,1.11,72.52,298.2
28.29,0.0,1.42,76.74,291.56
27.99,0.0,0.92,76.64,252.99
28.22,0.0,1.7,69.41,271.07
27.3,40.35,2.65,77.12,135.94
27.24,0.0,1.18,79.84,186.6
27.45,0.0,1.39,81.9,259.84
28.07,0.0,0.7,75.53,286.93
28.1,10.51,1.17,71.62,268.59
28.28,0.0,1.4,75.14,255.52
28.35,0.0,0.86,75.01,275.91
27.82,0.0,1.88,76.55,219.68
28.2,0.0,1.49,76.18,242.63
28.4,0.0,1.47,72.66,291.21
28.35,0.0,1.61,74.56,234.7
27.42,36.87,2.89,80.62,120.72
27.61,15.87,2.73,69.75,131.09
26.69,7.93,0.75,71.34,78.73
26.69,15.87,0.69,81.59,93.05
28.35,0.0,1.56,75.91,253.12
28.19,0.0,1.52,80.78,245.77
28.56,0.0,1.81,80.68,256.6
28.92,6.16,1.43,78.16,261.3
28.48,6.16,1.24,78.88,244.86
28.94,0.0,1.22,74.21,241.99
27.97,12.32,1.13,78.92,200.53
27.97,8.46,0.6,81.68,226.91
27.42,8.46,0.85,86.04,175.9
27.82,8.46,0.94,84.75,213.9
27.29,8.46,2.19,87.71,193.74
27.45,0.0,2.59,85.77,227.83
27.52,0.0,1.51,83.56,208.74
27.59,5.23,1.0,83.81,190.41
27.51,5.23,1.27,82.15,213.94
27.66,5.23,1.36,83.19,181.28
27.69,5.23,1.05,85.2,160.88
28.09,3.2,0.86,78.44,220.97
27.77,4.51,1.38,82.12,212.54
27.93,2.36,1.72,80.07,207.88
28.29,1.36,0.97,80.07,265.93
28.5,1.26,1.11,81.38,228.47
28.14,0.0,1.34,81.08,210.15
27.63,8.66,1.71,81.12,182.09
27.64,8.66,1.96,81.43,204.56
27.73,17.32,1.49,80.13,214.0
27.56,25.99,1.14,80.51,212.76
27.67,8.66,1.06,78.34,225.91
26.99,11.34,1.72,83.77,171.94
27.18,5.09,0.87,81.19,180.41
27.93,8.1,1.14,79.2,237.77
27.85,3.57,1.38,80.88,238.4
27.8,6.82,1.23,78.97,251.16
27.59,16.33,1.31,81.36,243.88
26.77,16.33,0.97,83.66,160.42
27.09,8.17,0.84,81.63,202.84
27.49,8.17,1.03,80.61,202.34
27.74,12.25,1.08,80.97,200.92
27.73,27.32,1.59,81.16,220.52
27.01,8.95,1.15,83.42,200.62
27.56,13.79,1.35,82.64,205.7
26.21,11.54,1.29,88.23,152.37
26.88,16.88,1.23,80.27,209.08
27.56,0.0,1.37,77.46,185.21
27.73,0.0,1.59,79.87,226.37
26.88,20.27,1.88,87.67,139.04
27.07,0.0,1.19,83.25,202.7
27.34,10.13,0.66,80.66,192.02
27.5,0.0,1.25,78.56,216.31
27.25,0.0,1.78,80.07,230.32
27.48,0.0,1.13,79.77,229.04
27.06,2.95,0.91,80.37,168.72
26.6,11.79,2.1,85.38,137.77
26.55,16.82,1.02,82.81,113.75
26.18,16.82,0.45,79.97,136.31
26.82,16.82,1.66,79.09,167.4
26.93,0.0,1.19,77.05,132.12
27.45,0.0,0.91,75.44,241.86
27.14,18.0,0.92,78.53,179.19
26.5,0.0,1.55,82.65,191.54
26.49,0.0,2.13,83.06,176.99
27.03,6.0,1.77,80.47,219.5
27.04,0.0,1.25,78.14,232.02
26.86,8.1,0.81,77.8,189.28
26.65,0.0,1.26,81.36,187.01
27.12,0.0,1.9,76.42,206.15
27.29,4.05,2.46,78.29,208.67
26.76,8.1,2.12,82.29,149.04
27.16,0.0,1.86,80.29,183.84
27.44,9.47,2.46,77.05,214.15
28.07,0.0,2.54,74.24,257.08
27.46,0.0,2.34,77.65,228.71
26.93,0.0,1.89,82.24,201.92
27.5,1.37,1.35,79.28,228.89
27.62,0.8,1.36,75.39,241.39
27.91,5.24,1.38,74.4,216.37
27.51,1.21,1.82,79.31,212.5
27.82,1.37,1.66,77.6,244.18
28.22,0.0,2.33,75.21,216.97
27.53,6.75,2.64,79.87,205.85
26.79,6.75,1.93,81.86,165.92
27.38,6.75,2.36,76.25,213.43
27.52,0.0,1.82,74.45,205.66
27.0,5.39,1.52,81.19,161.59
27.53,0.0,1.85,72.83,155.84
27.44,21.57,2.05,79.89,229.41
27.26,16.18,2.44,82.58,205.0
26.84,16.18,2.22,83.78,70.34
26.26,10.79,2.56,83.73,116.02
26.36,13.8,0.31,82.48,129.52
26.6,20.69,2.33,79.68,119.73
26.56,13.8,2.82,81.37,126.65
25.99,27.59,1.3,84.93,180.6
26.34,0.0,2.55,85.96,149.84
27.03,4.17,1.89,83.85,104.04
27.48,16.66,1.77,78.24,163.98
27.38,0.0,3.02,79.65,209.17
27.09,8.33,1.82,82.32,210.13
26.84,4.76,0.47,84.24,194.98
27.17,3.78,1.26,81.41,238.8
26.42,11.34,1.33,83.62,166.75
26.91,15.12,0.21,80.36,116.64
27.16,3.78,0.66,81.32,220.13
27.44,0.0,0.76,81.99,271.22
27.05,5.08,0.8,81.99,200.98
26.84,10.16,0.95,84.59,182.94
27.29,5.08,0.67,79.95,206.96
27.1,2.54,0.7,79.8,214.03
27.08,0.0,0.87,82.93,247.91
27.28,19.41,1.0,81.18,252.73
26.46,19.41,2.0,84.04,133.79
27.19,0.0,1.53,80.41,263.48
27.74,0.0,1.34,78.12,276.48
27.98,0.0,1.91,78.47,280.95
28.04,0.0,2.19,79.14,265.05
27.01,12.42,1.44,83.51,186.13
27.52,0.0,0.82,77.59,262.03
27.49,0.0,1.49,79.02,272.93
27.33,0.0,1.64,80.54,177.39
27.36,0.0,2.29,81.76,257.98
27.16,0.0,2.11,81.63,247.59
27.43,0.0,0.81,80.25,232.69
27.28,0.0,1.26,80.85,253.13
27.87,0.0,1.47,79.5,265.41
28.14,0.0,1.87,76.52,267.96
28.15,0.0,1.55,77.69,268.71
27.17,18.58,1.34,82.15,186.7
27.25,0.0,1.25,81.03,239.69
27.4,12.39,1.66,80.46,244.46
27.91,12.39,1.33,77.08,246.07
28.0,9.27,2.17,76.91,234.61
28.22,0.0,1.6,76.77,251.22
27.7,9.27,0.54,77.77,213.01
26.53,18.53,2.3,84.92,120.99
26.45,18.53,2.96,83.69,118.13
26.23,8.19,2.76,84.37,51.8
26.52,10.44,1.77,82.22,71.66
26.53,6.94,0.96,83.64,137.31
27.35,4.72,0.47,80.51,272.23
28.0,5.33,1.85,78.1,250.13
28.06,0.0,2.17,76.9,248.35
28.19,0.0,1.29,77.36,242.35
27.78,0.0,1.09,81.3,240.4
27.74,0.0,0.9,78.17,240.59
28.0,0.0,1.63,74.9,275.27
26.61,7.5,1.9,85.02,170.04
26.72,7.5,0.7,82.51,195.95
27.41,0.0,0.57,76.28,243.24
26.96,22.5,0.85,79.74,223.03
27.04,0.0,0.6,82.21,235.13
27.28,11.14,0.95,80.68,229.32
27.44,11.14,0.72,78.68,184.86
27.5,6.36,0.88,80.6,241.89
27.49,0.0,0.66,82.58,240.1
27.61,5.57,0.87,80.19,202.84
27.7,15.86,0.29,81.6,206.81
26.56,7.93,0.35,84.01,73.86
27.34,5.29,0.72,80.8,171.8
27.34,5.29,1.48,83.88,233.41
27.64,2.64,1.65,79.24,249.83
27.34,13.08,0.49,79.44,229.75
27.18,8.72,0.58,79.23,209.44
26.19,8.72,1.13,86.42,42.7
26.37,13.08,1.4,85.95,79.19
27.29,4.36,1.11,78.75,222.35
27.04,4.25,1.09,76.88,177.89
27.11,4.25,0.77,79.79,172.8
26.64,4.25,1.06,80.9,185.9
26.39,14.57,1.81,86.5,130.74
27.31,0.0,2.09,82.07,153.55
27.39,6.5,1.47,80.37,223.47
27.18,0.0,1.28,83.26,168.29
26.91,29.73,1.07,84.77,200.96
26.69,19.51,0.38,81.87,127.32
27.08,13.01,1.33,79.11,124.8
27.28,3.47,1.29,78.43,218.16
27.0,10.03,1.01,83.88,169.75
26.49,11.35,1.58,83.66,141.42
27.11,6.08,1.27,78.89,242.92
27.05,11.44,0.7,81.05,218.72
27.17,3.67,0.07,81.61,179.79
27.43,0.0,1.46,79.31,222.15
27.65,0.0,0.9,76.82,222.6
27.44,4.16,0.71,79.94,246.65
27.1,4.16,0.14,81.87,243.36
26.59,4.16,1.0,83.12,199.8
27.15,20.36,2.42,79.99,190.57
26.96,6.79,0.15,81.96,151.13
27.18,6.79,0.82,79.62,203.59
27.66,6.79,0.46,76.8,235.92
27.29,20.36,0.88,80.64,183.41
27.26,0.0,1.62,81.38,179.27
26.82,0.0,1.29,84.77,164.47
27.5,0.0,0.22,80.75,239.15
27.49,0.0,1.68,81.3,196.17
26.6,10.86,1.34,82.17,196.91
26.35,5.62,0.87,81.44,163.33
26.6,5.62,0.3,83.4,191.25
26.87,2.81,1.43,81.33,211.71
27.05,0.0,0.77,79.91,202.64
27.47,0.0,0.49,80.72,224.92
27.15,0.0,1.75,80.78,175.99
26.76,0.0,2.56,80.33,158.62
26.96,4.53,1.3,79.63,216.49
26.91,18.13,2.95,79.75,173.4
26.76,4.53,2.54,80.25,108.08
26.94,0.0,1.64,78.29,202.1
26.15,16.4,2.2,82.16,124.93
26.53,0.0,1.36,80.56,191.06
27.43,8.2,1.62,74.78,222.91
27.57,8.2,0.5,72.33,231.04
27.46,0.0,0.58,76.47,234.89
27.46,0.0,0.96,79.8,193.42
27.52,0.0,0.11,80.59,197.7
27.41,8.79,0.33,80.21,219.44
27.13,17.59,0.43,80.77,204.01
26.11,5.5,0.77,83.05,107.04
26.98,0.0,1.18,80.66,193.6
26.81,5.5,0.48,79.4,162.06
26.9,5.5,1.05,83.21,210.03
27.23,0.0,0.49,81.71,213.3
27.1,0.0,0.48,79.55,210.2
27.48,4.71,0.96,76.96,224.34
26.95,14.12,0.47,79.75,211.27
26.59,9.41,1.43,79.58,159.81
26.44,4.71,1.26,80.43,157.84
26.92,0.0,3.36,77.25,190.62
26.14,38.22,4.9,79.49,97.36
25.47,10.92,1.64,81.28,64.14
26.24,5.46,1.57,83.25,158.77
26.54,5.46,0.15,83.35,183.02
26.25,2.87,0.55,80.05,200.13
26.98,0.0,0.49,73.43,210.78
26.76,2.87,2.1,78.76,175.06
26.84,0.0,1.83,78.49,207.03
26.24,5.73,3.12,81.59,80.92
26.16,9.17,1.05,81.79,134.61
26.58,6.12,0.82,84.3,97.87
26.42,6.12,0.33,85.52,137.79
26.87,0.0,0.41,79.58,222.48
26.71,0.0,0.76,81.12,167.39
26.32,3.06,1.03,82.35,175.17
25.46,20.37,3.3,84.53,111.74
26.14,12.22,2.01,82.52,172.99
25.79,8.15,1.12,85.42,118.79
25.18,12.22,3.04,85.94,56.86
25.8,4.07,2.5,84.22,175.37
25.67,6.7,2.62,83.65,86.52
25.19,16.76,2.07,87.27,93.84
26.23,3.35,0.83,85.81,169.94
26.64,3.35,0.61,82.42,210.47
26.54,3.35,0.97,82.63,193.39
25.44,15.45,2.91,86.82,52.3
25.59,5.15,0.56,87.53,124.95
26.46,0.0,0.5,84.75,175.33
26.46,5.89,0.69,85.63,187.28
26.15,5.89,0.58,85.74,179.77
25.92,15.11,0.91,85.88,161.76
25.23,7.55,2.63,85.74,97.98
24.87,18.88,2.91,83.96,19.58
26.19,0.0,2.19,84.79,108.52
26.35,7.55,2.29,84.73,205.04
26.19,0.0,1.33,86.26,184.7
26.04,15.53,0.86,81.29,166.08
26.13,13.59,0.56,80.55,176.44
26.47,6.79,2.29,77.36,224.52
26.21,0.0,2.51,78.71,216.22
26.43,0.0,2.86,77.54,211.23
26.6,0.0,1.89,77.87,242.62
26.47,0.0,2.96,76.29,206.22
26.08,0.0,4.51,79.7,177.53
25.65,0.0,3.91,80.52,210.8
25.87,16.87,4.16,79.53,207.31
25.71,0.0,2.14,83.05,197.71
25.88,0.0,1.63,79.92,189.19
26.26,0.0,3.12,78.22,234.72
25.7,0.0,2.35,83.68,142.66
26.25,0.0,1.47,81.32,206.53
26.8,0.0,2.48,76.26,244.79
25.99,46.24,2.53,83.39,165.86
25.62,26.98,3.57,85.88,88.57
26.35,0.0,0.7,81.97,203.64
26.77,0.0,1.46,83.3,221.01
26.68,11.3,0.33,85.37,222.92
26.64,45.19,0.58,84.82,232.75
26.04,22.6,0.69,84.67,142.43
26.45,11.3,0.35,83.12,202.18
26.39,22.6,0.73,83.46,191.87
26.08,0.0,1.46,84.67,193.48
26.79,0.0,2.63,74.35,249.68
26.18,3.29,5.1,69.75,194.23
25.75,16.45,5.94,77.09,170.41
25.28,0.0,5.65,75.17,148.19
25.05,15.06,2.33,83.83,111.34
26.53,0.0,1.53,77.62,262.45
26.82,0.0,0.97,84.31,243.68
26.37,0.0,0.4,83.55,240.19
26.64,0.0,0.35,78.41,268.28
26.73,0.0,0.89,81.97,264.42
26.9,0.0,0.69,81.94,245.14
26.71,0.0,2.02,79.38,232.1
27.13,3.17,1.07,79.21,263.88
26.74,0.0,1.83,82.49,248.18
26.72,3.17,2.53,74.11,264.66
26.86,3.17,2.62,75.3,246.93
26.8,3.17,2.55,74.69,265.23
26.35,0.0,2.67,77.39,246.12
26.39,0.0,2.85,73.26,257.3
26.6,0.0,2.49,76.35,240.75
26.41,12.76,3.91,78.76,207.74
25.23,19.14,3.74,87.63,69.86
25.44,12.82,1.78,84.98,89.91
25.66,0.0,1.32,85.95,183.16
26.24,0.0,2.02,86.4,251.65
26.44,0.0,0.93,83.67,261.35
26.84,0.0,0.92,82.02,255.4
26.8,0.0,0.84,81.59,254.26
26.75,0.0,1.39,81.15,222.82
27.19,0.0,1.34,80.76,268.88
27.15,6.36,1.49,76.65,252.06
26.99,0.0,0.82,80.12,226.91
26.33,11.14,0.76,84.41,188.46
26.82,0.0,1.12,80.25,235.17
27.0,0.0,2.2,76.11,238.62
25.94,11.14,1.99,86.65,71.4
26.72,0.0,1.43,79.59,197.74
27.18,0.0,1.69,77.37,265.36
26.75,8.27,3.17,79.27,165.59
26.74,0.0,1.71,81.66,218.06
26.97,20.67,2.43,78.28,228.16
26.24,16.54,2.09,84.88,133.59
26.18,8.27,0.72,85.13,108.26
26.56,21.22,0.25,83.97,196.48
26.51,21.22,0.85,83.64,174.01
26.75,0.0,1.06,81.87,150.0
27.32,0.0,1.82,76.18,280.66
27.34,0.0,1.97,76.85,241.91
27.51,0.0,1.77,73.95,287.28
27.52,10.27,1.39,75.89,289.53
26.75,20.53,0.64,80.63,248.47
26.71,20.53,0.32,81.72,232.06
26.5,20.53,0.6,80.58,167.64
26.53,13.92,1.2,81.28,225.36
26.94,0.0,1.07,80.94,261.54
27.02,13.92,0.68,79.84,278.0
26.91,55.7,0.61,83.64,214.24
26.87,41.77,0.37,79.47,238.35
26.99,23.53,1.71,78.48,222.7
26.99,29.41,1.63,76.71,142.66
27.74,11.76,0.77,73.02,220.65
27.64,0.0,0.52,73.52,236.43
27.87,0.0,0.47,73.14,264.88
28.01,0.0,0.6,76.8,284.46
28.04,0.0,0.84,78.23,276.55
27.9,0.0,0.72,76.91,281.57
28.23,0.0,0.14,74.58,273.62
28.28,0.0,0.35,74.99,279.05
27.11,17.28,0.52,82.66,234.77
25.64,0.0,0.97,87.38,142.24
26.76,8.64,1.17,80.29,212.76
27.32,0.0,0.64,79.76,238.08
27.1,0.0,0.94,82.36,256.33
27.01,0.0,1.04,78.9,198.58
26.88,0.0,1.63,79.54,205.75
27.1,3.5,1.38,78.14,215.38
27.06,7.0,0.78,79.42,196.03
27.47,3.5,1.08,76.54,253.59
27.79,0.0,1.45,77.92,266.61
26.67,14.2,2.24,81.65,191.59
26.5,14.2,0.84,81.28,164.39
26.83,21.3,0.6,81.54,177.92
26.82,7.1,0.27,84.8,168.66
26.91,25.08,0.43,83.53,145.95
26.62,12.54,1.04,84.42,180.25
27.25,0.0,2.78,78.06,188.82
26.68,25.08,0.42,84.5,106.88
26.92,0.0,1.77,82.47,225.85
27.44,0.0,1.84,79.44,229.13
27.2,21.86,0.77,81.79,181.63
26.07,28.69,0.91,86.64,95.44
26.8,0.0,1.26,84.51,107.94
27.42,19.13,1.38,81.29,136.81
26.86,7.49,1.26,83.87,122.11
27.12,14.97,0.23,83.29,230.0
27.07,14.97,0.39,83.57,213.41
27.43,0.0,0.98,81.2,227.24
26.86,37.43,0.54,84.65,127.54
26.89,0.0,0.94,81.48,172.31
27.81,0.0,0.68,79.84,245.94
27.73,0.0,0.36,80.64,258.54
27.93,18.81,0.47,79.92,259.32
26.97,37.62,0.59,85.56,143.94
26.47,65.84,0.28,86.67,64.08
27.14,12.8,0.42,82.65,114.91
27.6,0.0,2.11,81.44,252.6
27.55,4.27,0.95,82.22,261.24
27.39,4.27,1.08,85.26,239.5
27.1,8.53,0.62,83.45,201.57
26.29,8.89,1.19,85.82,150.86
27.16,0.0,1.18,80.31,189.0
27.21,17.78,0.49,80.28,273.69
27.22,17.78,0.68,81.09,253.05
27.02,17.78,0.78,84.29,208.32
26.93,29.13,0.7,81.18,217.92
26.47,0.0,1.13,84.61,164.58
26.98,0.0,1.73,80.26,221.51
26.91,9.71,1.35,80.12,185.64
27.13,0.0,1.91,82.54,229.97
26.31,2.67,2.18,84.69,147.55
27.1,5.34,1.41,82.99,216.69
27.59,2.67,1.3,78.67,249.44
27.36,2.67,1.57,77.5,263.58
27.08,2.67,1.18,80.34,244.91
27.22,0.0,1.32,78.21,215.52
27.18,0.0,0.41,77.72,251.11
27.19,0.0,1.36,79.45,245.99
27.45,0.0,1.8,79.33,232.89
26.76,0.0,1.84,81.72,237.41
26.94,6.4,0.91,80.55,222.38
26.24,6.4,0.97,83.37,140.45
27.13,0.0,1.77,79.08,227.77
27.52,0.0,1.46,76.96,230.7
27.01,6.4,1.57,81.21,224.44
27.25,7.74,1.0,77.62,235.98
27.06,0.0,0.2,78.49,187.89
27.01,7.74,0.91,80.41,235.23
27.11,0.0,1.03,80.96,185.02
27.15,7.74,1.01,78.95,175.78
27.17,9.51,0.88,74.48,203.5
26.55,9.51,1.63,79.61,191.17
26.57,28.53,0.53,79.94,173.79
25.89,9.51,0.58,84.74,58.6
27.02,0.0,0.94,77.45,222.34
26.85,0.0,0.95,80.27,220.22
27.29,10.74,1.07,79.38,235.78
26.6,10.74,0.51,82.54,146.8
27.32,0.0,1.13,77.24,249.69
27.05,0.0,1.86,79.69,221.01
27.23,6.05,0.19,77.91,233.22
27.67,10.59,0.61,74.82,172.85
28.03,0.0,0.75,77.52,223.92
27.11,15.88,1.38,81.99,183.98
27.95,0.0,1.02,76.3,231.0
28.58,0.0,1.47,73.68,294.12
28.68,0.0,1.04,72.35,250.43
28.71,0.0,1.76,72.77,263.04
28.63,0.0,2.77,76.14,255.32
28.79,0.0,1.69,75.9,281.06
28.48,0.0,2.03,77.44,232.76
28.86,0.0,2.84,75.11,268.93
28.09,0.0,2.79,77.68,260.67
27.8,0.0,2.45,80.55,261.18
27.43,11.0,1.39,82.99,266.7
27.45,11.0,1.46,82.68,232.43
27.59,11.58,1.09,82.45,157.81
28.0,0.0,1.31,81.06,247.46
28.13,5.79,0.65,79.76,227.61
28.06,0.0,0.99,79.41,270.42
27.62,0.0,1.76,82.35,229.68
26.85,12.41,1.51,83.76,226.91
27.0,18.62,1.44,84.02,244.19
25.99,12.41,0.46,85.09,70.14
26.3,6.21,0.68,83.11,151.06
26.68,0.0,2.11,81.62,256.1
27.31,3.93,2.07,81.24,252.04
27.61,3.93,0.67,78.75,268.4
26.92,3.93,0.84,79.9,241.24
26.88,0.0,1.65,80.63,206.91
26.78,0.0,1.2,81.58,227.77
26.56,0.0,0.97,82.72,190.98
26.97,0.0,1.8,82.01,227.81
27.24,0.0,1.45,79.23,262.44
27.42,0.0,1.36,78.23,257.57
27.21,0.0,1.99,79.89,232.63
26.34,8.93,1.25,82.06,184.7
27.1,4.47,1.36,75.14,225.23
27.06,0.0,1.5,78.31,249.62
26.97,4.47,0.35,77.06,229.6
26.57,10.21,1.09,82.97,225.7
26.68,0.0,0.82,80.29,201.13
26.68,17.14,1.75,81.22,220.54
26.05,0.0,1.95,83.73,137.46
26.43,0.0,1.98,83.68,188.43
26.69,15.0,0.71,80.06,193.39
27.36,0.0,0.73,77.01,237.71
27.18,8.34,1.58,78.77,206.63
27.11,4.17,1.62,80.35,260.97
27.59,4.77,1.25,76.33,265.99
27.51,0.0,1.21,75.6,240.05
27.36,8.34,0.62,78.0,212.87
26.46,18.97,0.76,81.18,140.27
27.7,0.0,0.66,75.83,246.81
27.75,9.49,0.71,75.93,241.14
27.47,0.0,1.19,77.46,231.07
27.63,9.49,1.66,77.62,148.17
26.94,0.0,1.04,81.88,206.67
26.45,12.92,0.98,84.26,140.42
26.69,6.46,1.41,79.94,187.03
26.23,6.46,0.49,81.27,141.69
26.89,0.0,1.34,74.62,162.14
27.15,12.9,0.9,76.01,192.14
27.14,32.25,0.24,78.19,154.13
27.02,12.9,0.79,81.38,208.57
26.35,25.8,1.39,84.3,156.35
26.45,12.9,0.77,81.98,85.9
26.52,0.0,1.39,82.07,211.56
26.77,0.0,0.95,79.88,208.48
27.31,6.83,0.58,76.28,247.84
27.37,27.33,0.57,76.87,237.98
26.36,6.83,0.54,86.74,166.24
26.81,0.0,0.21,81.4,220.28
27.59,0.0,0.86,79.14,277.88
27.84,0.0,0.87,81.28,268.46
27.87,21.08,1.45,81.88,269.76
27.82,0.0,1.55,81.52,249.33
27.57,0.0,1.16,80.49,248.27
27.92,0.0,1.06,77.03,242.38
26.9,14.06,0.86,80.4,141.46
26.93,18.75,1.54,81.7,125.82
27.44,14.06,0.03,77.03,115.15
27.93,5.45,0.63,72.37,172.6
28.53,0.0,0.27,72.85,275.7
28.38,10.9,1.24,71.32,157.34
27.48,16.34,1.36,71.53,106.65
28.35,0.0,0.18,70.96,146.3
28.2,0.0,1.95,76.04,229.69
27.75,0.0,1.78,78.5,252.01
27.95,7.05,0.44,74.89,234.16
27.65,7.05,0.19,78.52,188.62
26.84,7.05,1.07,81.37,193.93
27.67,0.0,0.54,80.25,242.13
27.62,0.0,0.9,81.98,241.6
27.56,21.05,0.58,80.45,225.61
26.86,0.0,0.99,79.9,169.81
26.75,0.0,1.04,81.46,176.9
27.19,4.64,1.09,77.18,192.92
27.16,4.64,0.82,77.97,213.78
26.42,0.0,2.34,83.88,198.49
27.17,0.0,0.89,80.0,221.62
27.38,13.91,0.39,80.99,220.75
26.9,13.33,0.47,82.46,192.48
26.9,0.0,0.77,81.59,176.36
27.14,0.0,1.0,80.62,240.7
27.1,0.0,0.81,80.33,212.79
27.57,0.0,1.37,76.02,249.48
26.8,13.33,2.02,80.23,221.39
27.23,3.42,3.16,75.65,215.96
27.15,3.42,1.61,78.38,183.61
27.31,3.42,0.8,79.19,212.87
27.3,3.42,1.56,80.61,211.17
27.27,0.0,0.86,81.0,220.39
27.76,0.0,0.98,75.25,208.25
27.07,0.0,0.89,81.19,174.85
27.37,15.41,0.83,78.58,215.83
26.02,23.12,0.59,86.75,116.26
26.56,0.0,1.18,81.53,143.27
27.1,8.16,1.04,81.29,190.96
26.76,4.08,1.27,80.9,170.26
27.18,0.0,1.16,77.73,181.68
27.46,0.0,0.52,79.73,190.1
26.93,4.08,0.65,81.73,181.05
26.69,0.0,0.72,82.17,153.43
26.6,0.0,0.63,80.84,198.06
27.37,0.0,0.56,79.43,227.21
27.32,10.28,1.38,81.96,230.35
27.32,10.28,1.43,82.59,204.95
27.11,0.0,1.06,82.56,190.87
27.12,0.0,1.37,79.74,165.58
27.5,6.42,2.58,72.52,204.62
26.72,6.42,1.57,80.73,106.43
26.22,12.84,0.46,84.18,132.88
26.24,22.67,0.72,83.69,87.49
26.46,5.67,1.89,81.12,157.11
26.72,0.0,1.22,81.26,169.34
26.98,0.0,0.97,78.84,205.76
27.43,0.0,0.18,76.82,217.28
27.21,3.74,0.22,79.9,119.08
27.5,3.74,0.26,80.21,212.99
26.48,22.44,2.59,84.28,133.94
26.89,0.0,4.04,75.97,223.06
26.93,0.0,4.0,73.43,216.13
27.28,0.0,3.4,70.4,208.75
26.87,0.0,2.58,75.79,74.56
27.03,0.0,0.89,77.27,188.12
27.53,0.0,2.37,76.93,233.17
26.78,8.18,1.77,81.31,150.37
27.28,0.0,1.2,79.48,216.98
27.52,0.0,1.54,77.01,210.19
27.43,0.0,2.03,76.96,207.66
26.51,15.91,4.65,82.62,123.81
26.99,23.87,3.78,75.2,179.09
26.32,24.53,2.13,84.31,38.12
26.93,0.0,2.54,84.15,173.29
27.13,0.0,0.78,83.59,227.51
26.87,0.0,1.79,79.71,214.3
27.16,12.26,2.94,72.05,224.9
26.58,4.1,2.6,76.75,82.06
26.22,12.31,2.55,84.6,132.68
26.74,0.0,2.88,77.76,194.77
26.42,0.0,3.66,76.54,158.56
26.65,0.0,3.2,78.12,203.37
27.09,0.0,3.42,73.13,195.27
26.24,5.36,3.84,79.09,139.89
25.91,5.36,3.74,76.97,133.45
25.67,0.0,4.88,80.73,130.21
26.82,5.36,3.74,77.81,211.61
25.91,16.09,4.41,81.93,93.75
26.28,0.0,4.29,80.8,162.2
26.23,3.68,3.8,81.41,205.87
26.25,3.68,3.6,78.66,210.29
26.57,0.0,4.1,75.81,193.07
26.76,0.0,2.9,76.29,166.51
27.46,1.89,3.76,71.55,229.98
27.65,0.0,2.11,70.51,236.14
27.25,0.0,2.09,72.06,233.14
27.26,0.0,0.86,77.4,225.14
27.21,0.0,0.61,79.77,214.69
27.64,0.0,0.92,78.9,237.67
27.66,0.0,2.62,74.58,237.07
26.75,14.19,4.24,76.8,216.1
25.83,8.28,5.76,73.92,169.23
25.38,0.0,5.48,74.51,109.55
25.03,15.69,4.71,83.39,102.15
25.38,10.46,4.15,81.4,130.26
26.4,0.0,3.71,77.87,189.33
26.69,0.0,1.55,77.09,215.02
26.73,0.0,1.24,77.63,209.4
27.12,0.0,2.3,73.88,244.77
26.58,0.0,2.53,74.18,145.14
26.43,7.3,3.23,76.1,139.2
26.16,4.87,3.21,82.52,114.77
26.11,0.0,1.83,86.1,154.31
26.12,0.0,3.93,85.52,190.86
25.73,10.86,0.67,85.81,165.07
26.36,0.0,1.18,80.22,197.84
26.78,0.0,0.71,81.13,251.36
27.16,0.0,1.23,81.85,234.48
27.19,10.86,2.31,76.8,215.48
26.74,7.32,2.97,72.93,201.85
26.4,9.76,3.17,73.27,183.52
26.16,9.76,3.27,74.22,81.71
24.93,9.76,2.45,85.11,48.67
26.63,0.0,3.38,74.26,248.04
26.86,0.0,3.19,77.75,243.93
26.85,0.0,2.85,75.45,221.23
26.37,0.0,1.69,77.22,180.07
26.25,20.5,2.66,80.78,199.24
26.41,8.2,3.94,79.99,180.23
26.56,0.0,1.02,80.7,225.1
26.34,0.0,0.34,80.13,238.8
26.44,0.0,0.78,78.94,211.33
26.89,0.0,1.2,75.86,256.06
26.51,0.0,2.55,77.77,202.02
27.34,0.0,2.95,68.17,265.34
26.97,4.73,4.0,66.2,202.31
26.57,9.45,3.89,70.77,183.65
25.83,9.45,1.65,82.15,110.21
25.42,14.18,2.12,79.87,67.9
26.07,4.87,3.17,75.11,125.62
26.43,16.7,1.79,69.56,172.0
26.74,14.61,2.89,67.77,191.25
26.41,4.87,4.57,76.39,157.44
25.44,9.74,5.16,81.38,130.11
26.19,4.34,4.13,77.73,201.91
25.76,21.72,3.54,80.91,181.01
26.21,4.34,2.64,79.4,215.02
26.46,2.99,1.64,78.74,219.29
27.05,0.0,2.7,76.99,254.59
26.97,2.99,1.36,78.8,234.07
27.32,0.0,1.34,75.66,275.2
27.04,5.97,2.2,78.24,225.2
26.15,12.47,2.65,82.47,135.99
26.22,7.89,0.68,82.58,185.19
26.04,6.24,0.28,85.82,134.0
26.07,0.0,1.06,84.44,155.64
26.51,0.0,1.12,82.61,201.18
27.1,0.0,1.37,81.16,237.47
27.16,9.1,0.84,81.07,215.57
27.1,0.0,0.86,79.74,210.12
27.1,4.55,0.79,79.5,218.73
27.19,0.0,1.8,79.77,228.39
26.97,3.98,0.52,81.0,210.11
26.5,3.98,1.3,80.77,154.95
27.07,0.0,0.92,77.9,223.29
27.31,3.98,0.86,77.61,254.57
26.75,11.95,1.41,79.15,159.64
26.4,11.63,0.69,80.51,189.86
27.34,5.09,1.52,77.01,252.05
27.69,5.09,1.18,74.86,258.03
27.34,0.0,1.62,75.27,221.51
27.32,0.0,1.4,73.85,215.74
26.38,19.02,1.79,81.43,181.44
25.64,4.75,2.18,85.66,101.21
26.25,0.0,0.67,79.08,150.8
27.11,4.75,0.49,77.56,263.29
27.42,4.75,1.6,76.14,274.8
27.54,0.0,1.85,75.3,267.96
27.22,12.77,2.16,74.25,219.8
26.4,25.53,2.31,80.18,162.73
26.14,6.38,1.1,83.73,128.92
27.09,19.15,1.74,77.77,219.06
26.45,31.92,2.78,81.69,89.6
25.68,25.6,2.46,84.59,40.77
26.59,25.6,0.75,82.85,162.91
27.1,12.8,0.78,77.75,236.27
27.14,0.0,0.73,75.17,173.78
27.15,0.0,0.2,78.72,188.18
27.34,6.09,0.91,78.56,218.1
27.54,6.09,0.41,75.46,226.02
27.87,0.0,0.41,72.33,224.89
27.81,0.0,0.83,75.11,249.9
27.56,0.0,0.84,74.96,282.43
27.28,35.49,1.2,79.87,272.54
26.0,11.83,0.57,85.17,88.93
26.8,11.83,1.42,82.03,218.47
26.66,0.0,1.35,81.34,206.9
26.72,0.0,0.79,81.6,200.04
26.96,9.72,1.77,79.85,235.92
27.13,0.0,1.25,81.29,215.34
26.94,29.16,0.88,80.35,167.48
27.14,0.0,0.57,80.94,228.5
27.17,0.0,0.5,80.43,224.26
26.42,42.0,1.23,83.56,148.86
25.73,21.0,1.78,87.83,101.94
26.06,0.0,1.52,86.8,130.31
26.66,0.0,1.23,83.18,179.99
26.75,10.5,2.54,82.63,181.97
26.68,19.01,2.91,81.25,141.36
26.49,9.5,1.87,82.15,158.3
26.23,9.5,3.61,84.56,125.61
26.4,9.5,0.66,82.56,189.19
26.46,19.01,0.36,81.79,163.03
27.21,0.0,0.95,79.48,249.31
27.2,8.47,1.68,80.31,233.29
26.7,50.84,1.82,85.08,162.31
26.23,8.47,1.8,85.02,80.83
26.75,16.95,1.26,84.54,146.9
26.79,24.02,0.97,84.71,123.44
27.02,0.0,0.77,82.13,159.24
26.87,12.01,1.35,83.98,178.29
26.58,36.04,1.73,87.19,177.0
26.11,0.0,1.79,87.18,88.17
27.17,9.08,1.71,82.42,201.79
27.22,9.08,1.6,82.98,220.04
27.22,0.0,1.12,82.02,244.41
27.16,0.0,0.62,80.61,220.79
27.29,0.0,1.45,80.16,239.4
26.96,12.73,1.02,82.14,206.93
26.43,4.24,1.72,85.32,187.44
27.1,0.0,1.24,80.57,209.43
27.26,0.0,0.66,82.75,199.67
26.62,16.97,0.49,84.45,171.67
25.85,10.05,1.06,84.18,75.06
26.87,5.03,1.34,81.59,200.57
26.94,5.03,0.17,79.48,179.02
26.67,20.11,0.59,83.87,198.68
26.58,15.08,0.94,79.99,199.02
27.36,5.03,2.14,79.8,236.36
27.31,0.0,2.56,83.36,221.25
27.17,0.0,1.7,82.72,224.99
27.0,0.0,0.87,80.51,235.16
26.93,8.38,0.58,79.78,237.19
26.5,16.76,1.49,82.69,164.05
27.2,0.0,1.85,79.06,237.4
27.0,3.15,1.87,80.15,222.09
26.18,0.0,0.64,85.48,157.8
26.88,3.15,1.24,81.71,207.96
27.3,0.0,1.96,78.39,227.5
27.86,0.0,1.41,77.04,260.55
27.71,0.0,0.78,80.07,254.4
27.08,10.97,1.07,80.74,183.02
26.9,0.0,1.52,80.55,208.59
27.54,0.0,1.24,75.35,253.38
26.72,4.23,0.9,78.31,207.15
27.08,2.77,0.68,77.29,199.16
27.25,2.61,1.36,78.05,217.53
27.13,4.85,1.38,78.84,213.15
26.9,3.7,1.79,80.99,214.66
26.25,2.9,1.9,83.59,186.17
26.58,0.0,0.38,81.31,170.38
27.25,0.0,1.76,80.2,238.21
27.71,0.0,0.84,75.52,266.75
27.13,5.8,0.72,76.65,172.78
26.84,7.43,1.1,80.71,163.41
26.58,14.85,2.4,84.66,167.03
26.58,0.0,1.68,83.81,178.44
26.72,7.43,1.93,83.51,204.37
27.04,0.0,2.59,82.08,234.37
27.22,4.8,2.07,79.42,227.04
26.54,9.6,1.12,83.15,205.38
27.27,4.8,0.09,79.87,243.69
27.16,19.2,0.72,78.56,193.68
26.94,4.8,0.74,82.51,210.47
27.5,8.67,0.54,80.1,169.9
27.17,8.67,1.03,83.55,221.83
27.15,13.0,0.21,81.4,132.21
26.79,4.33,0.58,81.41,120.78
27.4,0.0,0.82,78.54,194.06
27.62,15.81,1.45,80.49,207.98
26.82,0.0,1.14,81.99,154.53
26.69,5.27,0.34,80.41,197.05
26.93,5.27,1.27,81.12,203.77
26.84,0.0,1.49,81.48,147.84
26.83,34.06,0.81,82.96,161.25
27.06,14.9,0.64,81.45,139.0
26.66,22.35,0.39,83.07,78.87
27.05,0.0,0.1,81.12,221.2
27.35,0.0,0.84,77.25,235.92
27.65,8.31,1.06,75.9,225.97
27.06,2.08,0.93,79.28,226.71
26.89,2.08,1.1,81.17,232.45
26.84,4.16,0.82,81.31,200.17
26.95,2.08,1.83,82.97,210.93
26.89,8.18,2.79,81.31,185.05
27.11,0.0,1.79,81.17,212.39
27.56,8.18,1.69,77.3,236.49
27.55,0.0,2.39,79.49,257.62
26.9,8.18,2.74,84.02,224.85
26.28,8.18,1.1,84.49,159.51
26.58,0.0,0.75,77.14,171.16
26.69,32.27,0.6,80.15,180.01
27.05,0.0,0.95,77.35,229.58
26.68,0.0,2.28,80.03,190.51
26.13,0.0,1.78,87.16,132.03
27.09,9.35,1.57,77.24,218.99
26.18,0.0,0.63,82.86,205.36
25.71,37.38,1.19,84.35,79.83
26.46,9.35,1.12,78.38,115.85
26.56,9.35,0.54,81.55,109.03
27.16,3.5,0.88,76.63,261.75
27.76,3.5,1.16,77.76,267.29
26.76,13.99,1.62,84.07,212.55
26.26,6.99,2.7,84.92,179.99
26.76,6.99,0.95,81.06,211.43
26.82,6.31,0.83,82.22,170.4
26.78,6.31,1.07,78.06,191.74
26.03,6.31,0.27,84.25,91.25
26.84,7.21,1.75,80.87,247.58
27.09,0.0,2.39,80.04,256.03
26.96,0.0,2.21,80.8,218.46
26.66,8.63,2.41,83.3,181.35
26.04,0.0,2.44,82.75,174.52
26.79,4.32,2.04,82.89,217.1
26.82,4.32,1.04,80.92,232.97
27.27,0.0,1.33,78.15,250.39
27.5,0.0,2.21,78.12,266.63
27.38,0.0,2.07,79.79,253.26
26.97,0.0,0.88,80.46,204.95
27.34,0.0,0.87,78.31,241.22
27.53,0.0,2.29,79.53,260.4
27.34,0.0,1.71,80.64,263.8
27.77,0.0,2.96,79.8,266.02
27.64,0.0,2.59,79.87,221.98
26.64,12.3,2.13,86.11,161.99
27.06,0.0,1.05,80.76,151.37
26.8,7.88,1.52,81.02,161.91
27.13,0.0,0.6,80.39,216.28
27.39,7.4,0.81,78.21,206.67
27.59,0.0,1.95,76.54,282.27
27.94,0.0,1.83,75.29,282.63
28.13,0.0,1.3,71.69,281.08
28.36,0.0,1.55,74.85,276.73
27.93,0.0,1.9,76.85,261.97
27.5,6.12,2.0,79.69,274.03
27.27,6.12,1.29,80.96,233.31
28.34,0.0,0.55,73.59,197.31
28.46,0.0,1.71,77.86,243.59
28.44,0.0,2.73,76.53,255.48
27.97,0.0,2.65,76.19,237.49
28.03,17.09,1.92,77.59,223.4
27.69,4.33,1.59,76.73,243.8
28.15,4.33,0.96,74.37,255.17
27.96,4.33,0.68,77.38,234.69
28.3,8.67,0.02,72.16,215.24
28.52,8.67,0.85,71.66,239.7
28.41,3.76,0.84,74.12,211.62
28.51,5.69,1.22,70.66,201.49
27.13,11.96,0.18,83.12,131.31
27.4,1.24,0.86,80.65,205.8
27.62,6.17,0.64,76.59,247.91
27.12,0.0,0.93,77.06,198.03
27.09,5.78,1.07,78.04,245.27
27.34,0.0,1.24,77.58,203.19
27.31,11.56,0.84,76.19,202.94
27.04,11.56,1.63,81.05,169.08
27.33,0.0,0.54,77.36,217.49
27.81,0.0,1.38,76.24,237.53
28.0,0.0,1.84,78.48,231.24
27.84,0.0,1.39,76.42,215.0
28.17,12.44,0.65,74.19,264.61
27.85,0.0,0.59,76.07,177.22
28.68,2.77,0.59,71.38,262.35
28.95,2.77,0.71,70.1,254.89
28.72,2.77,0.45,69.7,258.7
28.58,2.77,0.61,71.67,237.62
28.29,6.69,0.44,74.93,218.86
27.94,20.08,0.97,76.42,154.38
27.43,20.08,1.39,81.49,152.98
26.9,0.0,1.65,84.48,146.47
26.95,6.69,1.83,84.77,178.87
27.39,0.0,0.55,79.47,216.83
27.56,4.38,1.63,78.59,180.83
27.19,0.0,1.09,78.86,212.43
27.21,13.15,0.65,78.35,200.77
27.09,4.38,1.31,80.5,131.37
27.64,11.78,0.57,76.82,206.67
27.96,23.56,0.64,77.63,208.75
27.03,11.78,3.17,81.5,70.68
27.61,0.0,3.69,79.36,208.32
27.41,0.0,2.74,83.22,255.74
27.71,0.0,1.56,85.03,252.74
27.45,0.0,1.41,81.46,187.88
27.4,7.88,3.03,76.63,183.68
26.73,10.51,3.2,81.06,138.7
26.93,0.0,1.14,80.82,155.45
27.16,5.25,1.1,79.96,201.77
27.2,0.0,0.68,81.18,197.35
27.25,0.0,0.53,79.42,178.03
26.97,11.56,0.8,79.4,197.15
26.76,3.85,0.67,82.46,171.45
26.88,7.71,0.93,81.92,161.74
26.74,31.11,2.64,80.77,155.78
26.82,0.0,1.07,80.04,199.61
27.06,0.0,1.64,80.88,192.42
27.59,0.0,1.02,76.07,241.4
27.66,0.0,0.8,77.07,218.86
26.85,7.75,1.84,79.6,155.83
25.67,11.63,2.33,83.98,33.85
26.05,7.75,2.24,83.5,78.27
26.69,7.75,1.25,82.74,154.83
26.64,3.88,0.86,80.22,108.19
26.75,5.3,0.69,78.7,196.39
27.09,5.3,0.9,79.24,214.91
26.56,5.3,0.86,81.77,144.8
26.39,15.89,0.83,82.15,164.49
26.05,0.0,1.1,86.24,150.4
26.63,0.0,1.51,80.18,222.43
27.06,0.0,2.33,73.46,213.97
27.05,0.0,1.96,75.69,186.23
26.78,3.56,2.74,77.28,200.54
26.18,17.79,3.51,79.62,107.58
26.14,8.01,2.21,81.22,145.66
26.86,4.01,2.2,79.89,215.59
26.95,0.0,1.78,74.65,223.88
26.63,16.03,1.84,78.93,185.26
26.05,4.01,2.8,81.59,150.34
26.6,2.69,0.9,79.28,224.67
26.91,2.69,2.06,76.24,190.25
26.67,8.08,1.18,79.16,186.2
26.44,8.08,0.06,83.33,153.15
27.34,0.0,0.55,79.37,202.23
27.97,0.0,0.38,73.07,237.97
27.7,0.0,0.71,76.94,229.29
27.32,3.16,0.92,79.38,199.14
26.78,3.16,1.83,79.01,151.17
26.78,9.48,1.94,75.65,150.37
26.96,3.13,2.14,74.21,166.26
27.07,0.0,2.46,76.92,210.22
26.28,12.52,3.9,79.46,144.13
25.88,3.58,2.76,81.68,82.28
26.23,3.13,1.07,82.73,126.14
26.68,5.49,0.5,81.76,172.07
27.25,2.74,0.66,80.51,204.66
27.09,0.0,0.7,83.99,188.16
26.93,0.0,0.46,83.54,181.74
26.48,2.74,1.96,81.46,196.89
26.49,21.09,2.95,78.29,175.43
25.94,18.07,2.79,80.14,110.6
26.34,6.02,2.42,79.29,151.35
26.95,0.0,1.4,79.81,207.06
26.39,0.0,1.15,83.68,164.6
26.64,0.0,1.59,79.57,207.87
